Class,Sequence,Angle_11,Angle_12,Angle_13,Angle_14,Angle_23,Angle_24,Angle_25,Angle_26
0,0,8.657391724,8.484873768,164.9470085,176.3668033,91.33337546,87.1252554,179.506056,179.9830623
0,0,7.976175094,8.616362149,172.5246296,171.931415,92.38752291,86.35932728,179.7015917,179.3259572
0,0,7.558482886,8.90722167,167.3547914,171.7587275,92.31339249,86.79437526,179.9550107,178.9215993
0,0,9.036395178,13.85829492,60.39756569,68.58959688,92.37429816,87.10005843,179.6407058,179.0896738
0,0,9.799820222,15.39678202,48.3060797,65.60051481,91.5780651,87.97506337,179.4933291,179.1323412
0,0,12.19574936,14.7075274,43.80365448,35.98250887,91.3169355,88.2587254,179.6420116,178.6853176
0,0,12.85019634,13.94708064,43.54048296,29.49316112,90.68527968,89.02682659,179.7191669,178.1339406
0,0,13.14893832,7.399344085,27.29787349,11.09960563,91.75246233,88.00077774,179.25992,178.3764395
0,0,12.46878578,5.976232674,23.98022263,7.696358333,91.71971456,88.07827816,179.364183,178.2571402
0,0,12.50248502,5.941758059,22.71604647,7.560691244,91.17945724,88.51474729,179.1751862,178.241427
0,0,12.21515203,5.947039904,23.10646273,7.954520462,90.67172861,88.93042011,178.9260387,179.1672068
0,0,14.052544,8.041293276,25.18602052,10.44643396,88.79128116,90.74169311,178.7887655,179.3141482
0,0,15.25354458,8.199455649,25.32086301,9.677450249,86.65857293,92.82015584,178.6040741,179.4395831
0,0,12.62378411,7.892674984,14.73176795,5.326024248,87.08611105,92.41933403,178.4890158,179.2248149
0,0,11.3810385,8.110293884,13.3389064,5.718570293,86.30545017,93.18036264,178.3940266,179.5016355
0,0,10.45245102,7.936444574,12.74976981,6.173327287,87.18672255,92.18169859,178.5399597,179.6978215
0,0,8.922960493,7.925673231,12.01379566,6.057906201,86.59210383,92.67119642,178.4671282,179.8683452
0,0,8.80633632,7.925265025,10.15319085,5.826163916,86.52948631,92.71973804,178.5284315,179.87125
0,0,8.937090168,7.971908735,10.78080292,6.810056275,86.43632465,92.75649189,178.7231424,179.7204475
0,0,9.134017108,7.981772481,11.59707878,6.772359925,86.68141283,92.49832435,178.5958582,179.5810619
0,0,9.024733889,7.945678425,11.08505172,6.755174644,86.84503887,92.31825034,178.5784197,179.3835323
0,0,8.948792073,7.855306322,10.87266055,6.849002328,87.12723001,92.03274891,178.9441673,179.4182927
0,0,8.476533426,7.381664453,9.833594339,7.146231816,87.3393978,91.77333858,179.2744258,179.4707775
0,0,7.74714436,7.181773714,8.165243887,6.940845871,87.6679538,91.51560508,179.3994145,179.2947312
0,0,7.462226654,6.623703407,7.898426227,6.441985871,87.03692798,92.29430075,179.5122754,178.686829
0,0,7.863884126,6.098081474,15.19752528,5.208136747,87.38024392,91.96179028,179.5126833,178.5303844
0,0,7.84998621,6.037516779,17.33646167,5.856787756,87.38056384,91.97037519,179.6221712,178.5707031
0,0,8.554935026,5.897996649,20.63543726,6.747300212,87.68866048,91.46805503,179.5644982,178.7772558
0,0,10.35734067,5.700937348,24.98359977,8.786106868,87.75705178,91.45874474,179.7044544,178.8578411
0,0,10.35811283,6.563127643,25.64560732,13.66390524,87.97738887,91.15181108,179.6044761,178.6280856
0,0,9.842090065,6.562197513,23.75286868,14.81612876,89.6514162,89.50274277,179.4942267,178.5299404
0,0,20.06860235,13.88056867,36.35147603,29.69624522,92.4833026,86.36990467,177.6763132,179.6081995
0,0,19.67482778,15.48643764,50.46418402,37.47316057,91.32821515,87.5572173,177.9609249,179.6193187
0,0,17.88409569,16.1165257,56.13761942,41.12358522,91.06900497,87.85280167,178.2746148,179.5724249
0,0,17.83397572,15.93756655,54.73241881,56.26570519,90.9010011,88.13882407,178.3077476,179.8533577
3,180,13.59835963,16.47586894,152.2003291,103.0508993,90.80115087,88.34921817,178.369582,179.99575
3,180,11.02184185,16.01092315,170.261035,149.9566545,90.70029597,88.50722924,178.5919307,179.8574613
3,180,9.57183631,13.48348768,179.5573265,167.6562347,90.35519387,88.90297079,179.5698891,179.9458604
3,180,9.165570098,12.48209385,168.7162026,175.0331217,91.33280283,87.86598785,179.621434,179.4319477
3,180,9.013607166,12.12246961,164.191293,176.5569313,91.38852299,87.72841065,179.5405153,179.5808457
3,180,8.844508747,10.8336521,164.2061532,178.7552102,90.12207612,88.89178315,179.5194172,178.6657984
3,180,8.320034195,10.39235492,163.3207877,177.4726526,89.78965967,89.20569836,179.9194613,178.5728428
3,180,8.329931205,10.17373873,163.717863,176.6216005,89.19391273,89.7541423,179.5011575,178.6720728
3,180,8.427303627,8.970714812,165.8850175,174.4312259,90.33764137,88.67366529,179.2364875,177.913342
3,180,8.658978113,8.772405741,165.7750197,172.787358,89.71666301,89.5732123,178.6428536,176.7663437
3,180,8.736431324,8.707274628,165.6761499,172.5001536,89.5317532,89.74541162,178.3487878,175.929745
3,180,9.087841408,8.74848337,166.6473803,173.5631209,89.53471591,89.59957341,178.2857351,175.7378016
3,180,9.057848981,8.651428699,167.247942,173.989529,89.39645922,89.60830788,178.1152679,175.7684365
3,180,8.883986652,8.606141725,167.8796002,174.2421827,88.95212889,89.89754956,178.0488762,175.7289913
3,180,8.921339327,8.561782,167.7216931,174.2887393,89.19208191,89.62237153,178.3622157,175.6033563
3,180,8.885191116,8.373598798,167.3812175,174.2371195,89.51848108,89.22202217,178.6413781,176.5507427
3,180,8.768314751,8.299511818,167.0361468,173.9930762,89.55689205,89.08945676,178.5429772,176.5414003
3,180,8.601588384,8.389916558,166.2153382,174.2309094,89.83318837,88.703217,178.4983746,176.5947913
3,180,7.516446121,8.976175983,162.5720447,174.650266,89.40856605,89.41692657,178.7459299,177.2141814
3,180,6.774842453,9.100006756,160.3029078,174.4486578,88.67146713,90.34038416,179.0474871,177.5882786
3,180,6.093011199,9.240412016,156.8514344,174.4190724,88.66144091,90.37356195,179.0636618,178.1797004
3,180,6.519847754,8.427033776,177.2487534,178.075921,91.62820952,87.58214482,179.405091,178.9840491
3,180,6.365504907,7.976076095,171.071199,166.6109824,94.51312415,84.97672409,179.507319,178.580537
3,180,6.52206897,8.107495205,169.2707392,164.1437512,94.19834307,85.50000435,179.3316637,178.7685917
3,180,6.827597879,9.977395186,176.44419,178.527669,94.01040104,85.8261195,179.2834183,179.1202213
0,2,8.374116476,11.97775466,55.59658596,149.0570274,93.68779887,86.27393797,179.5769861,179.6380063
0,2,13.72268717,13.12400485,52.69817129,64.21904563,93.0905865,86.7851538,179.889381,179.6953078
0,2,17.2941052,11.89504314,45.33544596,61.99106887,92.95009208,86.79327715,179.6364881,179.3905851
0,2,13.80420574,10.73058941,22.24950619,17.53646992,93.59856039,86.17112777,179.7685284,179.6651582
0,2,12.09070081,10.20662566,16.56703999,15.6068431,91.48550417,88.18181581,179.4703784,179.4147319
0,2,30.43689846,9.546358299,34.0050642,16.1456356,88.61096483,91.18953991,179.9933802,179.718118
3,2,17.09034322,7.430252777,27.89134778,11.12338261,86.15121289,93.85419387,179.9761294,179.6518927
0,2,10.8430842,7.117901913,13.12395838,8.555435158,86.87283721,93.04424786,179.8288393,179.7748794
0,2,9.329832528,7.183912719,7.985086566,7.678563488,86.96900083,92.95566953,179.800266,179.7440466
0,2,8.563547399,7.199422473,5.323391975,5.843450783,85.71472655,94.23507116,179.944569,179.8742947
0,2,7.572044098,7.27808285,4.017343184,6.37216281,86.17114734,93.71841726,179.9467699,179.7111885
0,2,6.886387444,7.46287566,3.849242008,7.124395164,86.42907929,93.33989009,179.7351157,179.7783811
0,2,6.861419565,7.496930741,4.050938676,7.034211283,86.8497825,92.7942358,179.4967847,179.9613415
0,2,6.74378823,7.354729457,4.200039198,7.291866124,86.86531993,92.71450249,179.3476109,179.969904
0,2,6.673853105,7.203837577,5.164219876,7.745403046,86.99451469,92.48943473,179.3495017,179.5616545
0,2,6.720180408,7.173932699,5.749462004,7.84308229,86.97035879,92.40319154,179.1371225,179.4352391
0,2,6.892034015,7.188259839,6.058039922,7.832764998,87.05248882,92.14037758,178.2597107,179.3249557
0,2,7.172062922,7.431233671,6.522543269,7.587472612,87.19266277,92.02414123,178.178414,179.3540824
0,2,7.20805132,7.380475998,6.602488782,7.568463073,87.75031337,91.47288402,178.1755392,179.3864353
0,2,7.119654012,7.152285643,6.677269913,7.163029747,87.58426773,91.61366459,178.2727741,179.3493416
0,2,7.114754773,6.998977983,7.021487431,6.868179382,87.52450988,91.65367638,178.2551137,179.3175444
0,2,7.494218276,6.612248529,13.81199905,10.16902497,87.28775918,91.91926324,178.4894541,179.644649
0,2,8.190661368,9.191161723,20.9792988,17.1139854,87.97177091,91.25804118,178.6950951,179.5357114
0,2,8.625598247,8.564752209,20.3564223,15.8680905,89.6046682,89.57960192,179.4485878,179.4245328
0,2,10.72632262,8.078228223,23.77666989,17.33235316,90.2364872,88.95009929,179.4733887,179.3588306
0,2,11.11971776,7.674457715,24.41359626,17.30345262,91.41956692,87.91106217,179.2101223,179.2801218
0,2,11.34468968,7.397256812,21.37383877,18.88576655,91.80614205,87.57951167,179.1116649,179.1828533
0,2,13.46473513,9.074145758,42.69368702,34.19043353,91.41215316,87.83722754,179.0932502,179.52902
0,2,12.7344452,10.70633953,48.01630599,43.09800016,91.44113216,87.9229313,179.5410984,179.7826715
0,2,12.41655284,12.35904803,52.90715191,56.39101384,91.00194194,88.53068207,179.543354,179.8178401
3,180,11.77050494,12.0186332,142.5634716,169.9130584,91.13737584,88.45000578,179.3916741,179.8640522
3,180,11.22832661,11.99088047,177.3679787,179.9929819,91.05258502,88.60822641,179.2909454,179.7268387
3,180,10.53899509,11.87852618,166.0844088,177.4915991,91.63719221,88.04478857,179.0958192,179.7135204
3,180,10.42889201,11.50715126,168.6774866,173.7583966,91.78147037,87.9167056,179.0875266,179.6601057
3,180,10.3233473,11.40339712,171.37677,179.6925087,93.38728286,86.34434044,179.0817433,179.4830558
3,180,10.15587135,10.32139157,173.8255026,177.921593,92.73219421,86.8574633,179.9454853,179.7255647
3,180,9.974280199,9.893388885,172.7275209,176.8260951,92.45147994,87.06306278,179.508245,179.8675783
3,180,9.796582305,9.295702455,172.2415163,176.1115865,92.08475852,87.37957847,179.0006585,179.4639835
3,180,9.496408495,9.131095196,171.6779988,176.175088,91.93104138,87.57050594,178.8365804,179.13103
3,180,9.46354404,8.888748215,173.0994318,177.974731,90.42541884,89.06499563,178.743292,178.8737182
3,180,9.427542109,8.688354103,173.4337657,178.511659,89.67096583,89.76564408,178.8139284,178.8022543
3,180,9.421369517,8.640111065,173.4073439,179.3112483,89.26238795,90.16927609,178.7923394,178.8903568
3,180,9.373427791,8.531905676,173.4338413,179.3532257,89.61530713,89.79337261,178.7339895,178.9024411
3,180,9.418362998,8.579510709,173.3739404,179.5040369,89.60201512,89.87888756,178.8186784,178.4124463
3,180,9.399973735,8.667554731,173.0824904,179.5228932,89.57423294,89.89234123,178.7812807,178.2484311
3,180,9.174280597,8.911149029,172.3419753,179.899718,89.14610105,90.18334405,178.5754908,178.6422118
3,180,8.581750595,8.851350643,169.9324142,179.6895254,88.91494734,90.37321166,178.6000068,178.7805561
3,180,7.849405105,8.868450144,166.7421295,179.2849485,89.71743003,89.57152051,178.5251117,179.337786
3,180,7.508431325,9.155627492,163.4597809,178.2284195,92.83671163,86.64273509,178.7130192,179.6290524
3,180,7.529404543,9.375939723,162.0130211,177.3154007,92.75332873,86.76155833,178.9687385,179.713014
3,180,7.633370063,9.459885413,160.1097207,175.2467234,91.76736153,87.66742533,179.5408233,179.9218072
3,180,7.791928559,9.507593099,169.4319034,176.5606347,91.29700542,88.15831625,179.6426036,179.9696826
0,3,7.046711009,9.926724981,161.0782616,176.017481,91.2500105,88.41895923,179.6446707,179.7527157
0,3,8.134765852,10.11536804,52.97679282,22.87436795,90.77772774,89.08291821,179.8143303,179.7526565
0,3,9.052278391,9.348544846,45.24469316,30.191558,91.42692231,88.63357844,179.7986451,179.8878229
0,3,9.946140413,7.779600213,27.71030744,29.78985078,91.70713814,88.48233361,179.8438131,179.9764912
0,3,10.46738814,7.704370758,21.63290357,20.76179335,92.97755574,87.29937122,179.94048,179.7243184
0,3,11.27645209,8.091635148,20.3354384,17.31386762,93.88124463,86.42772513,179.9979269,179.6889874
0,3,11.02923673,8.028167282,18.90801501,14.60465806,93.61165852,86.70789515,179.8726836,179.6129345
0,3,10.21531108,7.812310376,15.05793782,12.74161543,93.34119241,86.97517874,179.6085886,179.499818
0,3,10.58820699,7.888622003,6.96372536,10.17856333,88.5742304,91.68710157,179.8464692,179.1289901
0,3,9.616848612,8.156758099,2.826230768,6.367472349,88.76974007,91.53936744,179.9010017,179.1744007
0,3,8.931321854,8.365479405,2.591831336,5.358652224,87.61746529,92.70560981,179.9477652,179.9374631
0,3,8.390878374,8.510636446,3.162461105,3.41699799,87.0784914,93.25590863,179.3361239,177.1026263
0,3,7.850438582,8.583226831,2.200205801,3.377141907,85.82852321,94.44621624,177.8029367,176.2682267
0,3,7.765255432,8.655988478,2.235022524,5.214984045,85.99528709,94.25428754,177.7006995,176.5461625
0,3,7.815399876,8.376410438,3.616521511,7.252565412,85.88074908,94.2463688,178.2116457,177.574658
0,3,7.652076558,8.28522229,4.116130972,7.881493753,85.67515173,94.19051879,178.5128207,178.1284684
0,3,7.476692155,8.176474038,3.785312198,8.523678616,85.601813,94.05398663,178.8722767,178.4602013
0,3,7.470991975,8.170661913,3.789355871,8.238372987,85.56496903,93.99717096,178.5807479,178.7916226
0,3,7.525136461,7.894750934,4.042568075,7.887196129,85.31034991,94.18565624,179.0723739,178.9075273
0,3,7.48939179,7.77915018,3.728890005,7.753725373,85.17250697,94.27287162,179.3154614,178.9181072
0,3,7.493583953,7.803715532,3.429183927,7.758910396,85.14264697,94.23491462,179.7447493,179.0108949
0,3,7.433607403,7.845550345,3.131539078,7.997197326,85.27237743,94.05479772,179.8221876,179.001694
0,3,7.334147992,7.705593003,3.13301711,8.05800556,85.28836796,94.04485782,179.3648612,179.0088488
0,3,7.096312226,7.506520568,2.816485611,7.827186056,85.33589068,93.99077474,179.2922363,178.9310122
0,3,6.93710563,7.486030948,2.576779399,7.875127566,85.29290997,94.01188729,179.2078002,178.9035966
0,3,6.940812117,7.427756418,2.572176041,7.672615497,85.58435937,93.67536168,179.1731467,178.9074563
0,3,6.545199218,6.430000577,1.335545816,3.12184227,85.07210798,94.0614199,179.4280342,178.9245257
0,3,6.369211352,6.203915912,0.901643153,2.493317107,84.79525204,94.34011491,179.5040097,178.8790323
0,3,6.302343175,5.849733321,1.285455233,2.32395034,85.906479,93.11144743,179.5699205,178.7715777
0,3,6.175036256,5.789671159,2.007969677,3.092693765,85.84435088,93.22072089,179.5489608,178.6219056
0,3,7.546565252,5.80025232,13.44859136,6.331082853,85.05153703,94.07199032,179.482082,178.6136457
0,3,8.329998323,6.235030401,18.17754037,12.33613154,86.00025572,93.16339375,179.3783035,178.4972266
0,3,9.477270419,6.120799222,21.60256456,15.81296338,88.34525394,90.86985605,179.3962744,178.2365368
0,3,10.07604097,6.059361275,4.883238996,22.73456286,91.01736281,88.28397793,179.2523793,179.5389796
0,3,11.05649459,8.497550275,13.25599269,39.0249823,92.06770998,87.28326871,178.820964,179.763694
0,3,14.23718831,8.71755828,24.15896266,37.28971035,91.63328128,87.84069723,178.7267716,179.4860446
0,3,14.24818303,8.677969658,128.7052233,62.45441282,92.63555429,86.85407509,178.6931843,179.4238925
0,3,16.03957499,9.97421675,68.05893932,43.43820055,91.82470403,87.72120274,179.0123613,179.592906
0,3,15.17862754,11.01085066,46.71200883,52.81471805,91.5531017,88.00370836,179.0238405,179.6768121
3,180,12.54117469,11.05866302,155.3759617,165.8355836,92.27096398,87.0769479,179.0725763,179.6385101
3,180,10.99969055,10.81784264,159.345832,173.3790327,91.85671354,87.49377484,179.1920595,179.6252603
3,180,9.98054392,10.58908327,162.5043182,176.2251329,92.06528731,87.20948083,179.2026399,179.8115027
3,180,8.485397779,10.31788083,162.2784381,178.204963,92.96996134,86.20066964,179.205418,179.699059
3,180,7.65122472,10.18548042,163.8919905,177.4693905,94.3848109,84.61684638,178.8000267,179.3666312
3,180,7.46979079,9.986426843,164.5432954,176.8684895,94.27424865,84.59116594,178.2692971,179.2478801
3,180,7.636593375,9.85700224,166.1912543,176.7077007,93.86478632,84.89556581,178.138502,179.2245655
3,180,7.568606119,9.543201326,167.760451,177.67539,93.576309,85.20823821,177.7880145,178.7962814
3,180,7.605287228,9.413040625,168.5557565,177.7885175,93.20104715,85.46363515,177.5774337,178.6976318
3,180,7.654756297,9.289516692,169.9142912,177.9005296,93.3349379,85.3213576,177.4040946,178.5756031
3,180,7.676513926,9.210681672,170.2805904,178.0503479,93.71453915,84.98726707,177.3391514,178.3878528
3,180,7.806307511,9.168196402,170.986746,178.517743,93.76238348,85.13645711,177.3218606,177.6213655
3,180,7.820177914,9.038670804,171.4488359,178.4862605,92.99215608,86.0685995,177.6204432,177.6115465
3,180,7.825230829,8.943018453,171.7025514,178.5234426,92.70919412,86.46000339,177.7640889,177.5197962
3,180,7.896434666,9.022199385,171.9376691,178.7548261,92.81924917,86.42599067,177.8572384,177.5614718
3,180,7.932322324,9.196320234,172.0785426,179.1769595,93.0404517,86.30582796,177.864244,177.6028727
3,180,7.964560336,9.222168225,172.1530608,179.1860492,92.96346456,86.38853814,178.029366,177.23935
3,180,7.965467744,9.261971853,171.9403981,179.3279197,92.54771683,86.78896025,178.2987827,176.95893
3,180,7.964895164,9.243536884,171.863174,179.24417,92.33960647,86.92422514,178.2358873,176.6972166
3,180,7.513018614,9.281188292,168.9768866,179.2248417,92.26194976,87.02630656,178.3761253,176.9064316
3,180,7.381626365,9.480647108,166.8424247,178.1132942,91.94969945,87.42798575,178.4272064,177.8490512
3,180,7.48827931,9.597989501,164.8982854,177.2922065,92.37150803,87.05214658,178.4990769,179.1386626
3,180,7.567167897,9.763771306,164.0822029,177.5175786,92.10817634,87.44733712,178.8158593,179.8355777
3,180,7.625624774,9.862088264,164.1557803,177.6103572,92.05652043,87.6103733,179.0376779,179.7136136
3,180,7.27301759,9.953355993,163.1126684,177.2991916,91.02555775,88.52090276,179.135489,179.4537743
3,180,7.251701982,9.88372679,177.664734,178.4563585,92.56578111,87.12246548,179.1203399,179.6929294
3,180,7.361632983,10.02071237,172.9818988,177.0493629,92.68601878,87.14215809,179.2505586,179.620514
0,4,7.943478048,10.85218941,65.29846973,4.639777781,91.64882712,88.4573203,179.8201044,179.424671
0,4,12.64801774,12.10379231,55.15105361,17.19644192,91.99686126,88.23642348,179.8671205,179.6246012
0,4,18.52616222,12.66929775,50.79524262,28.0914145,92.32902328,87.88291508,179.8511272,179.9252968
0,4,16.64470111,13.66293055,61.99738905,27.19948704,93.50666201,86.61417631,179.8375287,179.9074158
0,4,16.89315062,15.01941559,7.678661065,26.90214149,95.61636523,84.52363513,179.989637,179.997957
0,4,16.59216326,9.917998181,4.218338875,25.86304782,94.4872914,85.62930295,179.8334549,179.8812001
0,4,14.28612181,8.204034971,3.666783189,20.76287362,93.98673621,86.20020385,179.6223325,179.8953332
0,4,13.09325759,8.246674962,6.296562828,16.95149807,91.37352796,88.76179373,179.5031287,179.7707348
0,4,11.61072335,8.693095062,8.163964209,16.25237428,89.95372663,90.13840262,179.3298576,178.848707
0,4,9.937207194,7.801312994,13.59110097,12.30045271,86.19997341,94.09898469,179.3264699,179.259481
0,4,9.127809543,7.37030498,8.748167614,10.96433915,86.56966638,93.85657231,179.2956574,179.5635718
0,4,8.976807413,7.37045829,7.239406835,8.676860277,87.25171874,93.27380202,179.2848162,179.8837979
0,4,8.926444825,7.503356602,5.202459133,7.850896455,87.22265208,93.31043582,179.2995504,179.7677175
0,4,9.028291978,7.779558161,2.271951132,2.684645786,86.81050038,93.58591051,179.4963463,178.0813886
0,4,8.522931028,7.83360434,1.619836333,1.678948247,85.68035673,94.51384906,179.5028566,177.9851564
0,4,8.007727264,7.775550215,1.202088698,2.727423784,85.76271752,94.38516743,179.6491374,177.5968085
0,4,7.756001355,8.115416647,1.864510058,3.607606863,85.7574071,94.31486964,178.6285257,177.3019478
0,4,7.636844465,8.378328383,1.091830787,5.293728971,86.24182582,93.78796997,178.7926147,178.5616638
0,4,7.425146607,8.397115622,0.085488375,5.596641759,86.5151697,93.44598585,178.9354743,178.729056
0,4,7.38338506,8.538556272,0.761086698,6.122872601,86.69152072,93.27480099,179.0584739,178.7826251
0,4,7.460443131,8.567105741,1.187872912,6.436791015,86.80390572,93.15294673,179.170266,177.8163352
0,4,7.243259689,8.400869413,0.744573229,6.749177812,86.25108185,93.67523764,179.1370298,177.2882042
0,4,7.247525076,8.232181807,0.97329301,6.808932224,86.3338483,93.50335967,179.1201344,177.3497877
0,4,7.347175649,7.853554979,3.452422138,6.911019601,86.31522367,93.42354718,179.1831964,177.5688719
0,4,7.312031093,7.58753866,3.580212494,6.360290794,86.47223378,93.24707399,179.1922167,177.5542285
0,4,6.987624501,7.158619147,3.747753646,5.417164341,85.71489218,93.96421616,179.2677816,177.5860977
0,4,6.912517415,6.973778201,3.88268264,5.172282137,85.7284337,93.9086916,179.3520685,177.6315602
0,4,7.041033527,6.495135541,5.766473369,4.54833302,85.90602686,93.73439431,179.1184234,177.5375873
0,4,7.2502984,6.244845676,6.687834332,4.836921778,85.99817866,93.71797058,179.0793926,178.5756865
0,4,7.147549777,5.921715565,10.50331621,5.215511881,86.23297824,93.46366865,179.6365527,178.5789654
0,4,7.161899301,6.071587386,17.82496021,6.880021171,86.5141101,93.16702632,179.6397611,178.9318245
0,4,7.563481164,6.967718873,18.71080611,11.90819767,86.95615221,92.62607415,179.6947298,178.905215
0,4,8.686423901,6.794223657,22.75442692,15.24354711,88.60318741,91.05170172,179.7013947,179.0994149
0,4,9.862430728,6.713391685,20.30933857,17.03352566,90.22606908,89.54213996,179.8423827,179.4563188
0,4,18.97958445,10.33625095,34.65313084,21.99705354,92.10959539,87.82523047,179.6448817,179.6669506
0,4,20.14292476,16.75277674,28.89566121,27.09004413,92.75988341,87.01624695,179.6683271,179.8513538
0,4,16.70554523,14.92221353,42.26024495,47.87350973,92.80936291,87.06041237,179.8209337,178.8603652
0,4,14.89165557,13.56805749,158.1265762,71.49043536,93.07277542,86.88262113,179.9405902,178.8640033
3,180,14.0119747,13.86139085,70.46858821,87.95868902,92.34412508,87.72542461,179.67868,178.9770708
3,180,13.41950011,13.94228196,90.07671585,114.6746563,92.43845013,87.60557869,179.2998176,178.8457553
3,180,12.95928189,13.86235211,142.4837211,127.8007972,91.93199395,88.12219396,179.2503137,178.6105793
3,180,11.3819343,12.86081453,161.434203,161.8293718,91.73619421,88.37572923,179.2484658,178.6994337
3,180,10.76960385,12.66434275,161.4565995,163.8812159,90.68941841,89.40983064,179.1761701,178.7210518
3,180,10.82564065,13.38110143,174.5764573,169.8368543,90.7972454,89.23954108,178.9558576,179.8542376
3,180,10.80230843,13.42879283,170.2155929,172.0730727,92.18681549,87.88706361,178.7809929,179.2942481
3,180,10.79574458,12.9334458,169.3202961,174.0742352,92.06539207,88.02388658,178.7674504,178.1042391
3,180,9.510093852,12.5142358,168.3676583,175.5138823,92.03289056,87.92544509,179.179926,178.1871
3,180,8.368768301,12.38957944,167.7323502,175.8970034,91.11628147,88.685536,179.6193148,179.9841408
3,180,8.069011193,12.15665746,168.1846541,176.2827167,90.65157964,89.12038358,179.5215289,179.0261847
3,180,7.85884407,10.75307771,169.7242466,176.9007779,91.27920104,88.38144162,179.4320716,177.758958
3,180,7.711811181,10.1728765,169.8820008,177.2511465,91.09002141,88.51116979,179.3307287,177.8068772
3,180,7.693249261,10.05283209,170.3673298,177.4077161,91.06608771,88.5434789,179.2235244,177.4399739
3,180,7.689904598,9.760722456,170.6422187,178.1077789,90.19443104,89.29739693,179.1089818,177.141961
3,180,7.716793415,9.728571661,170.4023327,178.4579216,89.69561593,89.74425585,179.124558,176.9746604
3,180,7.654141875,9.731675,169.7748452,178.8052543,89.08229334,90.25431243,178.7595013,176.9821992
3,180,7.660302949,9.774348401,169.3982297,179.0032,89.19443735,90.11768419,178.696389,176.9925122
3,180,8.688436608,10.26619842,166.731263,179.5673284,89.18860741,90.14064453,179.2208633,178.6248529
3,180,9.028599532,9.851802687,162.9334044,177.3304724,89.10423998,90.26183264,179.5610591,178.5617294
3,180,9.130887089,9.402653858,158.4356208,173.2495035,90.41977137,89.02502131,179.911737,178.5996226
3,180,8.852165259,10.27246595,155.7875638,176.6279593,91.98635446,87.58957488,179.9298336,178.3625276
3,180,8.734685487,10.02767551,159.1253088,168.1098053,92.40286006,87.35635822,179.7080588,178.4795195
0,5,13.82768793,9.484774778,31.83503059,38.82638164,92.36247168,87.58756286,179.4136716,178.6201498
0,5,14.75676949,8.100971117,27.62235807,34.03620993,93.01316891,87.03227508,179.8224656,178.6350741
0,5,15.47923888,7.186727479,61.02989606,24.92512894,93.14000555,86.98863961,179.9292952,178.6661784
0,5,15.36983473,7.05347038,0.576999613,18.39542414,91.57264552,88.65602781,179.7935512,179.7238999
0,5,15.58170003,7.046077766,16.93795441,15.05733457,91.39657681,88.79155169,179.8103077,179.3335707
0,5,13.74217436,7.028600949,12.1019152,13.02410814,90.60400625,89.57867173,179.6055266,178.989873
0,5,11.96601852,8.436430229,15.78924214,12.89423568,87.69361415,92.51278693,179.3608241,179.0624154
0,5,10.23874513,8.668105471,16.47972189,13.40764308,87.75834979,92.40370026,179.1497492,179.3902007
0,5,9.345463211,8.56027808,16.95515528,10.54224699,87.90469107,92.18410547,179.4259032,179.3427362
0,5,9.11167645,8.667955813,14.82732145,9.863724945,87.93036548,92.02007536,179.5463421,178.8350688
0,5,8.542316492,8.42738164,13.21632262,7.578014676,87.99251102,91.91843405,179.7340162,178.7373744
0,5,7.962686814,8.351243249,9.942222004,5.918504335,86.78542615,93.05372644,178.7563965,178.5479941
0,5,7.131873689,7.985681949,0.158438497,3.71616538,85.77547449,93.74705037,178.4852471,178.807802
0,5,6.583357913,7.841270953,1.224149281,4.034894653,86.28570118,93.227966,178.507405,178.676371
0,5,5.880042694,7.649505596,1.629879804,5.112466453,85.67247285,93.69922598,178.9434315,177.5291593
0,5,6.105194819,7.684793076,0.96135326,6.476102794,85.59334452,93.75339628,179.0072208,177.0668228
0,5,6.071106307,7.819708758,0.17177852,6.98619491,85.91137377,93.40133467,179.1178946,178.1171391
0,5,5.798669138,7.926236221,0.290290015,7.201817215,85.94753357,93.23714823,179.2940661,178.3719318
0,5,5.982669906,7.809973935,0.356159061,7.23433464,85.91475794,93.27527551,179.4219183,178.2585981
0,5,6.059757775,7.204091567,0.976660189,7.653878911,88.29343801,90.82561973,179.8715128,178.2044334
0,5,6.003100395,6.98954815,1.711193402,7.944440824,88.20296644,90.89337014,179.9566975,178.3102603
0,5,5.76333959,6.553934723,1.889805513,7.753829906,87.57849391,91.42785025,179.9473183,178.6290274
0,5,5.795676965,6.490814436,2.038394359,7.850420258,86.72164012,92.22486623,179.8938507,178.827466
0,5,5.746565975,6.378449303,2.133325634,7.98573419,86.58566876,92.33860139,179.753434,178.8690459
0,5,4.727331781,5.960197456,3.45192733,6.947616779,86.83991562,92.30865485,179.7315483,178.9356374
0,5,5.12310649,5.949586218,4.907314595,6.91731263,87.0757252,92.15930462,179.9320908,178.8212466
0,5,5.516621945,5.796057659,6.078260856,6.825775782,87.32580338,92.11872657,179.8485372,178.7927472
0,5,6.832747868,5.829017821,14.20841098,8.061914367,87.09411785,92.46125373,179.6982784,178.8268772
0,5,7.379079911,5.683026026,17.15089049,8.056789119,86.49119897,93.03577941,179.812576,179.0753303
0,5,8.573384186,5.514671355,23.33259069,12.54941342,91.25861262,88.37977995,179.7402991,178.8904523
0,5,9.795681659,5.45155442,25.48266577,12.58772803,92.18849367,87.59545412,179.8086511,178.7595241
0,5,9.875050355,5.40542524,14.26649897,13.63588666,92.67242596,87.1992116,179.9339709,178.7367005
0,5,9.792798529,5.260638408,32.43587274,13.37985587,94.33280897,85.60078863,179.8944549,178.7781247
0,5,11.93689357,7.000601981,90.8757988,18.46701456,93.78400338,86.18228486,179.8816586,179.1139609
0,5,13.723536,9.408002321,43.69484151,20.56967597,93.00583937,86.78715573,179.6420209,179.6666613
0,5,14.62924217,13.00736345,54.66006795,33.89465002,92.18170174,87.55267779,179.6352468,179.6104853
3,180,12.89230378,12.35417124,153.7537681,103.8601426,92.91161376,86.84557834,179.5691708,179.4515146
3,180,11.18232525,12.36956275,176.6707338,173.4043562,94.14895203,85.73124697,179.3947715,179.4522193
3,180,10.16649569,12.07382003,172.8096404,163.7287814,93.97120929,85.91745814,179.3733738,179.6630718
3,180,9.691693499,12.08306477,174.542457,167.5533772,94.9784902,84.84005833,179.2436837,179.643311
3,180,9.291728426,11.88623638,176.8998403,170.9117465,95.34896472,84.59013369,179.3689512,179.5811679
3,180,8.774974438,11.79079635,170.6694718,172.5909754,95.1052558,84.82366444,179.4254256,179.3814559
3,180,8.650191412,11.50703785,168.6090287,174.0116399,94.55853724,85.36572187,179.359058,179.2998381
3,180,8.659171004,11.37255632,168.2808237,174.6970505,94.38318371,85.53287913,179.3320342,178.8218312
3,180,8.635712756,11.25636604,168.1798907,175.6295718,93.5387454,86.33204073,179.0146499,178.8730145
3,180,8.464773567,10.99712024,170.6043864,176.9047887,92.06603853,87.65242239,178.380073,178.9489836
3,180,8.348045079,10.88202672,172.0303919,177.1445084,90.87194439,88.71404977,178.1808706,179.3284276
3,180,8.377910555,9.744780835,173.5980835,178.1436843,91.06328391,88.87079958,178.0484747,179.9630564
3,180,8.332373286,8.964237913,173.8932932,179.0641062,91.41643672,88.58871078,178.2862483,179.8216277
3,180,8.373754818,8.581626046,173.8688216,179.5743822,91.07486886,89.14317185,178.4578572,179.4710134
3,180,8.435974475,8.4574294,173.8892533,179.4903714,90.97954103,89.13447257,178.5569038,179.123967
3,180,8.470156976,8.422616784,173.8358445,179.5677714,91.00480422,89.08533697,178.6206193,178.8984577
3,180,8.465115201,8.521093155,173.9648325,179.4927293,91.05809463,89.02155915,178.5933998,179.2896756
3,180,8.330764033,8.657506303,173.653668,179.3531313,90.94030354,89.03074108,178.5624213,179.6564817
3,180,8.416378346,8.768950268,171.8332881,179.7552274,90.79897742,89.10116531,178.7616461,179.9866972
3,180,8.460015038,8.835578313,170.3621221,179.0365671,90.85265863,88.96458632,178.8304545,179.9442676
3,180,8.335632938,9.031280795,168.0356993,178.664492,91.99795539,87.91873862,179.9207951,179.3299055
3,180,8.685914977,9.53298984,166.6556182,179.0573033,91.97722284,87.8889283,179.7873301,178.7814825
3,180,8.785023266,9.665626259,164.392048,178.8617148,91.97143533,87.89685368,179.709745,178.6840127
3,180,9.077599827,9.725646291,162.1968696,178.5026463,91.89812865,87.97054472,179.5937447,178.6687695
0,6,8.808552541,10.47305126,61.61707369,73.61710864,93.28354253,86.76416274,179.5639916,179.1077016
0,6,9.702408108,11.39972682,55.82252781,58.07252734,92.44151332,87.75155748,179.6172772,179.5805924
0,6,13.20984302,11.73626709,49.07708068,44.08603946,92.31024159,87.95790406,179.8830973,179.735418
0,6,13.12400017,10.09145629,51.42516942,44.87136377,92.27776799,88.06542567,179.8761591,179.5482823
0,6,12.82866033,9.1190085,5.61407474,43.7122424,92.13777385,88.23429231,179.5748935,179.195906
0,6,12.624622,8.448419205,61.91464432,27.03347152,93.33435554,87.03316302,179.5091686,179.2340174
0,6,10.93032084,7.385263106,6.814601896,18.43333495,92.65856652,87.55164046,179.5565996,179.7239644
0,6,10.12622211,6.54123263,1.953607607,13.63848182,89.7916839,90.33392701,179.5896318,178.8694194
0,6,10.52061927,6.430110464,10.67821279,12.97951103,86.25190512,93.95589417,179.7596563,178.8699407
0,6,9.994596076,6.558247166,12.67658054,12.32387419,86.88281202,93.3663206,179.9051403,178.7202138
0,6,9.896135772,6.600483512,14.29545832,12.20634818,86.88591227,93.42567375,179.9595385,178.7897936
0,6,9.402339241,6.572685653,14.04129912,10.91859032,86.98498306,93.37586441,179.8684289,178.9531432
0,6,8.796617603,6.530904505,13.48372275,7.737510305,87.50695658,92.88545292,179.8247873,179.0220764
0,6,9.51981423,6.743025479,13.632771,8.398025048,87.2134108,93.11058181,179.6315391,179.2880125
0,6,8.523570402,6.909780616,2.758313187,7.751292558,87.62225114,92.65692603,179.9888117,179.3388951
0,6,7.439992705,6.760044595,2.669176588,7.664934425,88.13867785,92.15168875,179.9465557,179.4572299
0,6,6.987457913,6.868822353,3.958559628,6.925956333,87.85391689,92.41949889,179.9368627,179.4282512
0,6,6.402433659,6.906201658,4.886787342,6.2047203,88.42677161,91.87338591,179.8674883,179.4214433
0,6,6.431083534,6.928898015,2.766863318,6.202810296,88.7468419,91.44152822,179.7567925,179.2810689
0,6,6.363853742,7.647968931,2.101106791,7.474167111,88.39704596,91.69582402,179.8467353,179.0922752
0,6,6.457211214,8.294481551,1.060581635,8.35215299,87.69564187,92.38770667,179.8709732,179.1791961
0,6,6.489070419,9.089433438,2.281473337,10.08208372,87.78681978,92.38230727,179.8243496,179.0070996
0,6,6.394423898,9.263970457,1.716653226,10.8013968,87.81697827,92.37471402,178.8153668,177.6548229
0,6,6.347398334,9.320818734,1.547336964,10.98342051,87.88335959,92.19086557,179.0956484,177.2096155
0,6,6.276405971,9.197610876,1.806521242,10.70272422,87.84034111,92.20938943,179.2488071,176.8963861
0,6,6.12228064,8.87653558,1.40367401,9.746269225,87.73447699,92.28152622,179.4759154,176.8226836
0,6,6.187176673,8.317165852,1.324004869,8.313481467,87.71564755,92.224037,179.2503963,176.7616051
0,6,6.151231059,7.821655061,4.692759641,7.072657396,87.2575554,92.63587295,179.0833717,177.8332482
0,6,6.219833406,7.276529131,6.456797632,5.446360978,86.9553373,92.93140131,179.073074,177.1906493
0,6,6.392482152,7.122615921,10.11316916,6.440020881,86.73470872,93.08831167,179.0385695,178.0267337
0,6,6.918351274,6.506972919,12.40289467,5.66685635,86.7948574,93.03027979,179.0302299,178.3818556
0,6,7.246526777,6.511100918,18.92078671,13.18514856,87.89461284,91.92291201,179.2046148,178.5812117
0,6,7.55967143,6.343964706,18.41630053,15.28368843,89.40150568,90.36222866,179.7191222,178.6018943
0,6,7.93768443,6.661852439,20.01964828,16.51450724,90.07931094,89.70118674,179.7463022,178.7754849
0,6,8.274044114,7.955613147,20.30687954,19.17090556,90.84267544,89.09954734,179.400131,178.9390631
0,6,9.230658487,7.972759954,20.01266627,20.56840432,90.88883857,89.08128657,179.6923317,177.9026045
0,6,11.6068023,7.815010169,4.510706573,24.47397687,91.09598774,88.96071185,179.6404239,179.4575915
0,6,15.60976904,11.78560347,39.07246243,37.21698658,92.47953828,87.59962719,179.2920879,178.2949201
0,6,14.23336325,12.49830768,48.15500483,54.11016934,92.78412815,87.29770628,178.6876736,177.2573012
0,6,13.22655845,12.3218196,82.84195136,66.73417851,92.26523152,87.80882281,178.5271037,176.7196982
3,180,12.64680643,12.41011477,172.4985759,99.62231516,91.63351751,88.47659463,178.2831796,177.81011
3,180,11.98377852,12.35329476,133.6704562,176.9897457,91.90332137,88.0762041,178.135292,178.0089573
3,180,11.80093492,10.84987044,165.3792074,173.2062781,91.32369826,88.32722695,178.3234878,176.707665
3,180,11.88241639,10.6181874,170.4968834,175.7842583,91.28177802,88.26182671,178.060808,176.4026833
3,180,11.38975298,10.66407513,172.3942127,178.9916606,91.63158927,87.71385565,178.5344979,176.5510933
3,180,10.98721478,10.46737686,172.3077401,179.4865351,90.45059731,88.74129587,178.750894,177.8977473
3,180,10.28775692,10.21987139,171.4798885,179.1294376,90.92666991,88.30980023,179.2056748,178.7344065
3,180,9.578759736,10.06443624,170.1127051,178.7689008,91.64622781,87.62394984,179.6248273,178.9629649
3,180,9.152854387,9.579208429,172.305122,179.7035182,89.56780093,89.54831647,179.7162233,179.4359998
3,180,9.081989346,9.428225334,173.5005934,179.9441561,89.52679965,89.60931614,179.4968957,179.8321021
3,180,9.003204856,9.256207188,174.0821228,179.9341065,89.7323723,89.46753428,178.9779173,179.1256299
3,180,8.766366926,9.189687382,174.2375163,179.5607376,90.02059365,89.31541548,178.9862735,178.6744579
3,180,8.560652609,9.310330753,174.2068097,178.9689138,90.00086485,89.42474083,178.8385079,178.5466094
3,180,8.35557059,9.320054653,174.1554857,178.9874817,89.85573298,89.59658546,178.656078,178.6272029
3,180,7.967911108,9.330571475,173.5026496,178.8374824,89.99099822,89.4383318,178.6720847,178.5092072
3,180,7.826174142,9.357458401,172.6395329,178.9614636,88.16107887,91.20821211,178.6466674,178.4914702
3,180,7.447538271,9.311535514,171.4580584,179.0702441,87.29035648,92.03233508,178.6732746,178.5859226
3,180,7.342334231,9.40046156,170.6218971,179.3044413,88.1455201,91.25254431,178.7319014,178.7932148
3,180,7.06006711,9.528757683,168.6894533,179.8213883,88.37749887,91.17377736,178.9732134,178.7298872
3,180,7.372211542,9.504050908,167.3918406,179.1664808,89.87075352,89.88956773,179.2643681,178.6769499
3,180,6.961653485,9.675147637,164.1788295,178.7628165,90.77749812,89.1664648,179.4589093,179.1564586
3,180,7.422950282,9.522926107,157.4857123,174.2087896,89.08014845,90.88388269,179.812016,179.3867129
3,180,7.575219556,8.819313357,161.419818,170.6690155,89.14089148,90.95910797,179.9679978,179.6894951
3,180,8.040642021,9.518883738,145.6344817,168.3643454,90.88340827,89.4026628,179.8324468,179.5759124
0,7,8.064923245,10.64050272,64.46102655,81.04458293,91.15097327,89.22779634,179.7422245,179.5807059
0,7,10.47281924,10.94893863,64.59835772,57.35915991,91.98888027,88.49885286,179.527758,179.5710482
0,7,18.03103012,12.5394966,58.83273031,36.8530301,91.92067849,88.56706766,179.4370497,179.5257557
0,7,17.93496834,10.72380506,55.34621507,43.7650732,91.84471374,88.63877748,179.4161484,179.4460331
0,7,18.119134,9.094088049,38.89732174,19.5083836,92.40559328,88.11992896,179.2217888,179.3239053
0,7,18.81987913,7.711741757,34.33465991,14.26637096,92.32861837,88.3155126,179.0068441,179.6920646
0,7,15.1478732,6.815525653,24.61883841,10.90082414,92.08349257,88.68104573,178.6621224,179.51092
0,7,11.51556686,6.90986878,12.38018403,8.584307465,92.44127832,88.31162261,178.3720108,179.5060853
0,7,9.175621063,6.899169183,10.62172843,9.318205584,91.93374478,88.76841085,178.1652431,179.4793211
0,7,8.861133267,7.254164974,12.31325003,8.561742562,89.60150993,90.96158809,178.4791748,179.4806459
0,7,8.811439193,7.433492324,14.04497828,8.138565561,89.80026414,90.77996617,178.572771,179.2233864
0,7,8.683771693,7.530220093,14.36859864,8.120909823,89.01465761,91.48422639,178.8037991,179.1106867
0,7,8.425197116,7.409228214,10.11831901,7.26855593,89.42263807,91.0909495,178.8362573,179.0071676
0,7,8.185104175,7.481171862,3.883027623,6.84129591,89.36110738,91.01840563,178.9456754,179.0968721
0,7,8.081844132,7.787944804,2.934345392,7.254663412,89.35625093,90.96574494,179.071167,179.1546153
0,7,7.923584232,7.855274727,2.031892089,7.524840241,89.10354549,91.30310249,179.1694822,179.0739182
0,7,7.420528812,8.465893931,1.075088881,9.312131423,88.62117141,91.70971709,179.6967097,178.0043907
0,7,7.446490105,8.524458847,2.194999382,9.694574274,87.94109665,92.35563499,179.7477922,177.3076728
0,7,7.346431794,8.571559941,2.232045434,9.741799884,87.37346743,92.83680245,179.6378376,177.0101345
0,7,7.182025586,8.537100968,2.170801629,9.601906529,86.97296323,93.19850273,179.6920543,176.9673578
0,7,7.052610698,8.481585151,2.605175612,9.537171597,86.97940416,93.15773781,179.7267188,176.7887354
0,7,6.9630359,8.431153371,2.848883892,9.426271059,86.85009887,93.25075903,179.7451855,176.7069948
0,7,6.542608331,8.373080933,2.917122222,9.304492722,86.6537299,93.42600568,179.7566975,176.7350714
0,7,6.34317293,7.831024776,3.206595469,8.026392846,86.12775169,93.88547737,179.7012372,178.0246094
0,7,6.310670166,7.413439358,3.457413865,7.093758829,86.13144606,93.81870179,179.7069787,178.4023313
0,7,6.260074694,7.020384421,3.539877211,6.236530612,86.06533823,93.78252536,179.6091799,178.6246556
0,7,5.949735361,6.941808234,4.135093139,6.0582527,86.1092265,93.70803928,179.1212696,177.7903951
0,7,5.976861231,6.518760683,4.919806382,5.39579211,87.21468956,92.65870621,179.3625408,178.2109502
0,7,11.93792673,7.144900244,26.92965816,10.69571976,87.99193422,91.7927221,179.1667578,178.626552
0,7,22.26736012,7.068280117,31.29105726,14.54008993,89.82100589,89.94967821,179.3567811,179.0173382
0,7,17.71006316,6.699780957,27.62964343,14.94418608,91.40843981,88.23484581,179.7325575,179.1685761
0,7,14.68911865,6.57839045,25.05958703,15.89950121,91.96688945,87.57865436,179.8641806,179.2609077
0,7,13.4059824,7.208004593,27.43264694,18.27444269,92.1895752,87.35174344,179.0600855,179.6038245
0,7,12.54935917,7.790403385,28.77894841,20.41567395,91.66476779,87.90096199,178.9585593,179.5939973
0,7,12.11703693,8.712843164,28.25166491,24.07315134,91.52253331,88.17582793,179.1151915,179.6955901
0,7,11.67018513,13.12754555,2.390050078,29.80334812,91.48958949,88.16228106,178.9834171,179.9254092
0,7,18.58369676,17.49720513,43.36701212,30.77412461,91.95003949,87.77325513,179.1223405,179.1821357
0,7,16.28941771,16.43692707,66.39673923,68.95443568,92.88654763,86.9742126,179.9395707,179.2867547
0,7,15.02369525,14.95750892,174.0751034,168.778194,93.2428997,86.59354874,179.8432996,179.385334
0,7,14.23070897,12.3359108,172.3846336,177.4486456,92.6594678,87.20952445,178.9545681,179.9572312
1,0,118.2920684,111.1235889,98.63770759,92.85953354,91.0579382,89.88417727,178.5761131,174.1122033
1,0,117.8960196,111.3689648,98.96363994,93.17929439,91.4903414,89.47821043,178.9443965,174.3563078
1,0,119.7092059,113.064304,102.1292284,94.95165061,91.63735937,89.25457376,178.6769855,173.9215599
1,0,122.282392,114.0105372,105.4810515,96.4698337,91.72586209,89.1455454,179.3252353,175.8132492
1,0,126.3829671,117.1322198,110.1483611,99.44483382,91.89521097,89.12956151,179.2219266,175.4804021
1,0,131.0485311,120.4744424,115.5264508,103.0711524,92.14021996,89.02679502,179.7006901,174.619773
1,0,132.5687695,121.6282389,117.177121,104.5285601,92.27678059,88.99578413,179.1143101,173.8765036
1,0,135.6519153,123.1538317,121.0329094,106.0123063,92.38503565,88.92814498,178.4664568,174.3293996
1,0,152.0475072,140.5707397,141.9836695,132.8536172,93.55577579,87.76968117,167.1124553,170.1932067
1,0,157.1943301,146.4159006,150.2882266,141.3628371,94.79716394,86.4310146,170.8728721,172.4069476
1,0,158.2886777,147.9465331,152.0692131,143.0046927,94.51843585,86.72777448,170.8524245,172.4886742
1,0,160.9006531,151.1493934,157.7375322,149.879727,94.96377503,86.46812902,165.8276791,170.5805303
1,0,166.0898389,153.9130498,165.2973419,152.0279695,94.1510275,87.45181949,157.0310546,169.3453127
1,0,173.9780375,162.0832968,176.3140176,166.6487065,94.65167627,88.03093098,158.725235,172.2141386
1,0,175.1778494,166.5549953,179.5624983,172.9281019,94.59056619,88.92257835,154.2602204,171.6537838
1,0,174.8963511,168.8861181,178.2542398,176.8772592,95.14692253,89.03149396,157.6970751,172.3089787
1,0,173.7546971,168.8025356,176.2283898,178.0479955,95.10538687,89.37033597,164.8725589,174.758181
1,0,172.9183492,170.4493489,176.0977795,179.9065041,95.25071268,89.56726878,163.7643837,173.2793308
1,0,172.3945081,169.8358459,175.4574065,177.8005133,95.2330695,89.75505487,163.3466069,172.5503468
1,0,171.4207634,170.4578643,174.3968805,177.8681919,94.50887871,89.88515946,164.0483253,173.5884224
1,0,170.4706461,168.865352,172.9046518,175.8718108,93.71769478,90.5183169,165.6617005,172.5504416
1,0,169.9751345,168.7281502,171.9279378,175.6873825,92.72832454,91.27405635,168.9739771,173.013936
1,0,169.6345448,166.7110517,171.6889565,174.2447022,93.28813947,91.03958602,168.9310575,172.8277073
1,0,167.3459954,163.2240455,168.9956245,175.1823386,93.07976787,91.26235337,168.5853194,170.1873052
1,0,164.8825201,159.1674972,166.0903194,172.2855646,93.04620395,91.31693303,164.3215596,167.8930302
1,0,162.6455216,155.6735317,163.5184668,166.918322,92.99722489,91.15652687,161.8995428,168.2627578
1,0,154.3381117,144.9484758,147.9065268,144.3484772,93.12956159,90.71514582,165.0214932,168.8739837
1,0,148.9532673,138.2762616,138.9152564,135.4130973,93.108138,90.74667799,168.1217515,167.4595269
1,0,143.2926128,132.6945336,132.1806683,131.836277,93.59938038,90.51966749,169.4121492,170.2657685
1,0,138.510302,126.8499181,126.9077704,126.1658085,95.4379107,89.08207088,170.4033307,170.969319
1,0,133.31296,122.9133005,121.3508606,117.737847,97.2016265,87.79820833,172.4353185,172.4583053
1,0,128.1180804,121.8849469,113.0781989,113.6173555,96.6270322,88.02460344,173.2543838,173.3263032
1,0,114.2422926,111.1852277,99.38242666,100.2626905,96.06672491,88.43166581,174.6396728,174.0327401
1,0,110.932656,105.5785869,93.91277439,94.57767173,95.94997333,88.4105295,175.0720542,174.4589685
1,0,108.5765483,104.5318763,92.77930562,93.11517462,95.70502179,88.40761155,175.0240605,174.5222953
1,0,107.7610407,103.9585353,92.62745819,92.2395889,95.65550473,88.3219937,175.170955,175.5667555
1,0,106.6582316,103.1886362,92.80587994,91.06643627,95.52555354,88.06632434,175.5539207,176.1533815
1,0,106.7622669,103.6249677,93.71622353,91.63759964,95.31847505,88.04561108,175.8380416,176.1692396
3,180,107.9901956,103.3460571,94.74601003,90.79591391,95.15870238,88.05606453,175.833698,175.8517264
3,180,108.4150826,103.3805981,95.54101553,90.38212033,95.32605889,87.9295444,175.8812502,175.7025396
3,180,109.6960468,103.8024067,96.96014039,90.71782425,94.91731889,88.27778046,176.0906324,174.8886606
3,180,109.6937036,104.119224,97.13293229,91.20063151,94.6958295,88.3113658,176.6291174,175.0136549
3,180,110.6964072,104.223995,98.18493349,90.96556842,93.99549659,88.99084209,176.3319407,175.2878542
1,1,111.2124306,105.3009689,98.78213638,92.1130136,93.69008505,89.1259878,176.5293466,175.4256576
1,1,113.2853266,107.0223902,100.3696177,93.46827952,93.95374735,88.53924186,176.6354648,175.9493762
1,1,118.7363887,109.9635156,105.6215104,95.9470856,93.91728971,88.1220539,177.4504855,175.2656058
1,1,127.1521698,115.9365379,115.6339726,103.383837,93.68310344,88.06598506,178.683057,173.3997618
1,1,133.393337,120.7766994,123.5714182,109.9820259,93.09098772,88.62285024,178.9492079,172.7429347
1,1,145.3952779,131.8196312,139.4445014,124.6636457,94.1099203,87.51794636,178.1285075,173.1372675
1,1,150.356981,138.038093,145.6540342,133.2879704,94.49719206,87.11572375,177.0804842,172.470206
1,1,154.1334869,143.5580624,148.6823812,137.8566258,95.11396954,86.35891838,176.0814238,173.2167617
1,1,154.1573594,144.9752772,150.3765638,137.664709,95.30629265,86.41144562,175.4174361,173.50929
1,1,154.1075019,145.1836579,150.6595907,137.7708399,95.13731886,86.52601585,175.060425,174.1334037
1,1,170.0561714,165.3746267,176.2304699,168.7599305,93.6465452,87.82176814,172.1996849,171.6905407
1,1,171.8323118,168.3458711,177.430203,172.5406065,92.519567,89.07358548,169.3627962,168.3569979
1,1,172.0490846,171.0956417,176.8293664,176.6567323,91.66012515,89.92424027,165.337776,166.090623
1,1,171.8602415,171.7902077,175.9567646,176.5342997,90.92953865,91.13735675,163.4407662,162.2238349
1,1,171.3514351,172.6064489,175.3592842,178.7911463,91.22194417,91.55892427,163.4951415,163.9944189
1,1,172.4659717,172.3931173,176.6260705,179.5655582,91.96412725,91.28578422,161.4091542,164.621963
1,1,173.7868034,172.4023509,179.5881614,179.6552053,92.19137674,91.31084695,162.1416547,166.9488795
1,1,173.5084063,171.7748357,175.7350681,177.2088318,92.64651427,90.97041712,164.6598003,167.2885451
1,1,173.0590588,171.9721308,172.4062675,177.5355247,93.22298061,90.88777445,168.5894737,169.8578058
1,1,172.1592957,171.8055046,171.5683603,176.2011162,93.02057878,91.17839822,168.5633247,168.5199223
1,1,171.4092718,172.4285951,170.9100853,178.0916455,93.04679417,91.46085446,168.4934652,169.0646969
1,1,171.1341017,170.655826,171.0744873,174.5176431,93.258245,91.61682947,168.068869,168.0684758
1,1,169.402335,168.5914135,167.8351837,172.8854095,93.27075426,91.58753298,169.2734612,168.6225006
1,1,166.5744103,165.767098,163.045829,178.6561544,93.69704497,91.1299047,166.4697807,171.7337621
1,1,156.8083969,152.3887144,149.2188613,151.3983993,94.97967973,89.77801714,170.0018641,174.5283047
1,1,152.6726315,144.7964914,142.0705431,141.3452326,95.97632306,88.78696423,170.7923213,174.4012571
1,1,149.888078,141.3992149,136.8792306,136.0311379,96.52346163,88.34237789,169.7908439,173.3697398
1,1,147.0979686,138.6162556,132.5481052,131.9096216,96.5495095,88.25670453,169.1946842,171.4673383
1,1,144.7106541,132.4551926,126.7091365,130.7394392,95.83166238,88.60290587,170.1682176,172.5510902
1,1,141.5224008,128.7239161,122.8493741,122.4381027,95.82070647,88.89286138,169.6741339,171.97073
1,1,130.731275,119.0005418,112.3762656,105.7391379,95.28094491,89.01634542,171.2257746,172.8388417
1,1,127.7372267,116.7569708,107.621594,103.7027121,95.94246856,87.53550477,173.7522203,174.4829584
1,1,126.7658206,116.009421,106.0069084,101.1186851,96.49625091,86.54455288,175.200766,174.5595429
1,1,125.0440648,116.6219595,104.5707191,102.1202527,96.1988871,86.7383788,175.387808,174.1644097
1,1,123.6034317,116.1325159,103.3851535,101.4619949,96.27052046,86.42139604,176.1519657,174.2840769
1,1,120.5104063,115.4049386,100.3480474,99.88894841,95.96110563,86.77507082,176.6156691,174.4111628
1,1,116.0421286,115.7319149,97.68437735,99.47434764,95.26326357,87.4204483,177.2614377,173.5192643
3,180,114.8261528,115.7854147,97.70926387,99.27198972,95.06513304,87.6820481,177.1286184,173.3582621
3,180,114.6545791,115.5115243,97.77290003,99.23098288,95.03503315,87.91529975,177.080696,173.7118675
3,180,114.338325,115.250655,97.14156254,98.9479059,94.49798304,88.47916314,177.2473185,173.3343751
3,180,114.6201273,114.9656088,97.2288065,98.74165476,93.97099422,88.59686179,178.7650159,171.4594312
3,180,114.4135051,115.0411269,97.0676036,98.75369094,93.99289204,88.52979569,178.5259883,172.669274
3,180,113.3093051,113.1016042,95.89398192,96.3670736,93.68044578,88.58768905,178.5376058,174.1379797
3,180,112.9318006,111.3683818,95.32519403,94.50993435,93.62405322,88.51906807,178.6011241,174.7682414
3,180,112.508292,110.0639066,94.73632734,93.223308,93.31562912,88.57907735,178.7974796,175.0517159
3,180,112.6363658,108.9959902,94.88969872,92.38888678,93.24963957,88.56303303,178.7132792,175.0365427
3,180,112.4359828,108.1626804,94.6787127,91.56591237,93.14971687,88.7614236,178.7768489,174.5117613
3,180,112.5505184,108.2967624,94.90513663,91.47171959,93.33338595,88.5911879,178.952979,174.1051079
1,2,116.0750482,111.2000639,98.80997749,95.23333973,93.19520965,88.82979548,179.163911,172.9458118
1,2,122.586637,115.7009475,106.2132052,101.4206732,93.44703185,88.67123627,178.6916031,173.2546443
1,2,128.6376563,120.6044031,114.1364836,108.3935289,93.64342645,88.32688708,178.4515253,173.652354
1,2,135.5692442,125.7562045,123.3965045,115.1020147,92.80475536,88.60279627,179.3658938,172.7867979
1,2,141.2414673,129.1403255,131.4947209,122.8415598,93.25519055,88.19351559,177.8116534,171.7784927
1,2,145.6051347,133.5377221,136.3764667,130.7765042,93.74746871,87.69918551,177.3611473,171.5615651
1,2,153.9238407,147.0227111,146.9502892,142.0559859,93.98722551,87.66274376,176.4554182,171.8598593
1,2,155.9824085,150.5740157,149.5080678,147.0650411,93.98578638,87.82736162,175.9469425,172.5732161
1,2,164.350152,161.1999249,163.6196618,164.6371619,93.34954645,88.71512975,173.1508755,167.1742111
1,2,169.8160027,167.5689021,174.3133665,172.2335077,93.35202734,88.85059483,171.5977149,169.4459539
1,2,171.9069544,170.3732407,175.8206796,174.7708399,93.24890416,88.38176257,173.2660449,174.1488628
1,2,172.3700889,172.6636325,175.0601786,178.6995819,93.10615508,88.88447505,173.3348327,175.5265918
1,2,174.6900847,173.4837903,176.2289646,175.5959519,92.58546598,89.48374132,172.6270683,174.000395
1,2,175.6931413,172.9800125,174.9288773,175.5037292,93.53538759,89.45873539,171.3349059,173.2767986
1,2,174.8756536,170.9699151,171.9970933,173.8608851,94.05597972,89.44405831,171.2247871,172.9815346
1,2,173.5796407,169.5195408,169.2129299,171.2630974,94.0267408,89.50177689,172.2410778,174.9187362
1,2,172.4448712,168.7045775,168.4475133,169.1570481,93.88001356,89.29606018,173.0235153,175.4733619
1,2,171.8441991,168.6351792,168.5219086,169.6322712,93.60030778,89.33429907,172.5985866,175.640348
1,2,169.9907884,166.4998055,166.3854469,164.8772066,92.94890781,90.38927771,171.196779,175.9820202
1,2,159.8055637,153.1402906,149.3849,144.1714495,93.54272846,89.84112237,168.0074229,173.177185
1,2,153.8149996,146.0657608,139.3468428,133.9988913,94.78661079,88.91888078,168.0873773,174.3965424
1,2,148.9781518,142.8741449,132.5614974,129.2081542,95.33896932,88.32313345,170.2659427,176.0623657
1,2,145.4963175,138.5337898,128.8295492,123.5509598,94.90715356,88.76647311,169.9092162,174.5220849
1,2,141.3576107,131.9700307,123.2267572,114.8466884,95.28108751,88.43291178,169.9802531,174.4107037
1,2,137.0249916,128.2521409,121.0564051,109.8496812,95.20862711,88.42678263,172.926824,175.231573
1,2,120.5781992,116.0764671,99.00329626,96.9843882,94.94266032,88.43170855,177.3308653,175.2598734
1,2,116.7032748,111.4379636,95.4389602,91.59938824,94.27398126,89.16537849,178.1404764,175.3040139
1,2,113.2639803,109.181083,90.51257894,87.89072305,93.56338252,89.3610013,179.9414911,173.5700257
3,180,111.5121115,107.1005902,88.77904621,85.77365379,93.26764591,89.5925575,179.6443111,172.4254441
3,180,109.7275163,107.1150649,89.02934051,85.43786501,92.93068013,89.85745671,179.5518485,172.9964999
3,180,106.7431824,105.681212,88.83189961,85.32763124,93.21102357,89.65013375,178.797834,173.6651313
3,180,104.7019317,106.2158766,87.30586438,85.53439238,92.78038458,90.02087646,178.6327352,173.4768449
3,180,105.6831617,107.0164665,88.89586598,86.70389495,92.85547747,90.17671955,178.4043281,172.9733527
3,180,105.6843178,107.2825486,89.61715957,87.19847256,92.96837127,90.14926954,178.0677731,173.3712949
3,180,105.9967504,107.4188567,90.0674751,87.76385577,92.96227742,90.03690546,178.2555301,173.2783275
3,180,105.9940147,107.1247848,89.52781099,88.44850911,93.14724935,89.87885663,178.0359064,173.7021005
3,180,105.2011923,106.0959067,88.064982,86.7747244,93.21383462,89.83135061,177.9824198,173.3968826
3,180,105.0711503,103.0489125,87.32251623,83.952436,93.42315349,89.38206853,177.7401892,174.3988328
3,180,104.8271765,102.1973391,87.22970737,83.12838825,93.37779796,89.25515838,177.9301388,174.481788
3,180,105.5257754,101.9228772,87.8286889,82.64663147,93.35231032,89.29997261,177.8826344,174.4236309
3,180,106.1150482,102.9217206,88.6908489,83.5899664,93.40534818,89.38482243,177.866058,174.3522606
3,180,107.7378142,104.2292714,90.56312399,84.6541745,93.27274485,89.49642387,178.4983473,174.4073512
3,180,110.7476029,105.9821556,93.63415099,86.61732865,93.27360837,89.47503906,178.3083452,174.5582693
1,3,130.1581608,122.6719175,115.9975683,106.850159,92.79668589,89.17498053,179.6332507,173.6025057
1,3,138.4372724,127.4278868,127.5026346,117.9024667,92.70701823,88.72518876,179.6384731,173.759408
1,3,144.2068028,131.7888811,132.9669997,125.6387208,92.64028531,88.69346164,179.5196335,172.5491831
1,3,148.8855059,136.2948024,135.3436509,132.8586551,92.59607097,88.64140343,179.3242246,172.5857186
1,3,149.870912,136.602928,135.5008005,133.3445406,92.71617268,88.44837768,178.5056123,172.5025314
1,3,153.7520415,139.2682782,140.1397116,138.9872219,92.10553337,87.41030276,177.1711201,173.3737424
1,3,157.6036286,142.7054253,143.7979995,143.1783382,92.60530938,87.32699407,179.0856256,173.5518376
1,3,175.0750785,165.1252611,178.2862251,170.7411296,93.62740688,87.77180526,171.9370781,162.8518577
1,3,177.2407048,169.0457557,176.9615166,174.6816969,93.03539857,89.37905673,166.5926329,162.8539733
1,3,176.3063737,171.0775742,178.9307644,176.889695,92.47401403,90.1627258,166.3977333,164.1979427
1,3,175.3738783,172.2200301,179.3749276,176.8642499,91.96438689,90.45670695,164.8223847,167.0920807
1,3,174.548996,172.5483273,176.6257826,176.6093631,91.89422317,90.40215271,171.2860192,173.6321419
1,3,173.3351144,172.5594023,175.5387523,177.0138338,92.51519282,90.14206213,171.4481575,171.6338041
1,3,173.2541462,172.4652488,174.3314247,175.9626207,92.64441884,90.1026207,171.3633203,171.3319297
1,3,172.3639277,171.6433007,172.5715632,174.1520558,93.17386123,89.67669631,171.0934863,170.913214
1,3,171.270188,170.8310473,171.2616467,170.1825721,93.37414275,89.70493522,170.2009718,170.9723535
1,3,169.6928168,171.2745108,169.5706091,170.4619324,93.38846058,89.7999993,170.0874714,172.0841826
1,3,166.5413701,171.146489,167.2328885,168.9375899,92.92593736,90.22639495,171.3203372,173.5334207
1,3,164.168904,168.246551,170.3561778,166.5067501,93.49239041,90.26700705,171.2298211,174.7792894
1,3,153.3534245,151.7875303,143.6191407,136.4599525,94.5991923,90.49001715,171.1257027,173.1877232
1,3,148.1308222,144.7876584,136.1608522,127.4997745,95.15969072,89.21570578,173.2885722,174.3149398
1,3,145.4755518,140.781848,131.4083293,123.273466,94.78920218,90.04008132,172.7821705,173.8040837
1,3,143.1647824,136.0561204,128.7644298,118.7940403,94.64015552,90.32164957,173.5045582,173.0124364
1,3,142.9353546,134.9357842,126.4766155,117.0526204,94.93162896,90.06932641,175.4772364,173.3441267
1,3,136.1306034,126.9604684,118.6893726,111.0859989,94.8201233,90.03757346,175.6944784,173.419735
1,3,120.3975321,113.0760376,99.44617786,95.27559659,95.86559316,88.71188226,175.9294979,174.2157565
1,3,115.9352594,109.2613147,92.51716121,90.51980789,95.26389332,88.78339658,176.6618502,174.4808286
1,3,112.5085823,106.4915552,90.12163166,87.40057534,95.18412894,88.65150246,177.3929103,173.9400611
1,3,109.4764499,105.4757942,89.18508317,84.76054969,95.02704468,88.67143555,177.6158967,174.5269093
1,3,106.8107762,104.938942,86.74926046,84.28467903,94.50704399,88.96357998,177.8560568,174.1950553
1,3,105.8052021,104.4081236,85.69986868,84.60594367,94.22755733,88.84742094,178.0937623,174.4522852
1,3,107.5331216,104.8486776,86.97417712,84.92857753,93.9216943,89.05807496,178.4175715,174.2209137
3,180,109.9954841,106.7880557,89.65817875,86.83951772,93.5621026,89.33164513,178.6760947,173.614142
3,180,111.221131,108.0837954,90.29249855,88.23504633,93.40514499,88.9589607,178.9777513,174.7242773
3,180,111.8634551,108.7032976,90.56851662,89.14343209,93.49780894,88.60833012,179.1126311,174.7838783
3,180,112.6173875,109.0586331,91.47217761,89.5852737,93.77004214,88.36547443,178.6255205,174.893492
3,180,112.981679,109.2319612,91.97937399,89.66377457,93.50249246,88.83111955,178.5332472,174.6614025
3,180,113.0033936,109.2786072,92.20039471,89.63573622,93.11816109,88.98514667,178.7936025,174.6238796
3,180,112.8275016,108.3016938,92.26467295,88.22811358,93.09578948,88.94698781,178.9797209,174.8287339
3,180,112.6724135,108.163197,92.51809645,87.96937047,92.85245573,89.13101787,178.9857978,174.8431241
3,180,112.969133,108.1163435,93.0958759,87.88001677,92.96957406,89.02139061,178.4785843,175.4480331
3,180,113.6808737,108.100211,93.77141671,87.93374162,92.78450398,89.20951399,178.554701,175.579679
3,180,115.3856142,108.204363,95.44023118,88.13968976,92.99430759,89.18114415,178.6207521,175.5850835
3,180,116.8314509,109.3044229,97.14435334,89.84752196,93.66147277,88.63301348,178.2799175,175.2915664
1,4,137.6640493,123.7355123,124.2267282,105.694702,93.88236384,88.95384731,177.2729825,172.0764997
1,4,143.3144121,129.2439218,132.9655751,114.588556,94.12221762,88.70170678,176.9914498,171.9782391
1,4,147.7856116,133.0991997,136.2729499,119.9332946,94.81004683,88.09571552,174.9342962,172.8844713
1,4,152.8106571,140.57169,144.2493375,128.9656866,94.6955448,88.3521237,174.7635265,173.0137191
1,4,155.3431862,142.5466447,146.9475518,130.8395545,94.86690203,88.18952879,174.0421055,172.6336436
1,4,158.1026156,145.9161508,148.9095375,133.9291395,94.56606247,88.19532934,171.7206304,170.4824237
1,4,171.1065534,166.5702063,175.0367583,168.4273148,93.94333861,88.17417299,165.2027008,169.4885581
1,4,172.3217782,168.2518525,176.0463238,172.7358923,93.85065576,87.65288923,165.8412409,170.6800898
1,4,173.6581607,171.6307873,179.3711528,178.8316949,94.50413971,87.10905308,159.6352558,171.8701989
1,4,173.0362642,172.4218728,179.3061003,178.1751841,94.39533806,87.47099329,163.4212842,174.8113572
1,4,173.2749174,172.5064925,178.4033362,177.6395495,95.3212688,87.29504297,161.0330617,174.0179564
1,4,173.527114,174.015636,177.9267144,178.589658,94.68258227,87.98670478,162.9441838,173.870006
1,4,172.5955373,171.9931293,174.0046642,171.8935323,95.22532063,87.96143127,164.1343126,171.0974005
1,4,172.0022147,170.8468784,172.7256209,168.7561864,95.8664779,87.31057787,163.97911,170.6004273
1,4,171.2842761,169.9600335,172.2327343,167.0288273,95.49863063,87.74612458,165.2120141,172.1791506
1,4,170.6095125,169.4839354,171.1956858,167.0050292,94.95071711,88.42451385,164.9222534,171.1323488
1,4,169.3418474,167.013867,168.3485557,161.5095977,94.88585511,88.4473647,166.2457796,171.6702234
1,4,167.015985,164.9217027,162.1244453,157.4752521,94.71001011,89.25093128,165.6351728,171.3864157
1,4,156.4837847,151.7523165,143.0957961,136.5188743,94.64454005,88.71672917,171.3046759,175.2686136
1,4,150.3530447,145.1182516,133.749698,126.2464142,94.31561079,89.25214026,171.6251626,175.2142078
1,4,147.8693486,141.3070051,130.7988045,123.3436009,93.70312351,89.44238183,172.9778549,175.3166647
1,4,143.5297631,139.208803,127.5938187,120.6574718,94.20701679,88.88079937,173.8676954,174.5280868
1,4,141.890003,135.6562973,125.9977199,116.8595969,95.68572055,87.10071063,174.5894438,174.6996827
1,4,138.9924044,132.4325074,123.0580497,113.0145856,95.29522289,87.5285587,174.7915959,173.8362557
1,4,135.8215259,129.3446443,116.7902191,108.6831022,95.17450531,87.77806185,174.0195938,170.9392781
1,4,120.7196674,117.1318869,98.91811826,95.8357226,94.72588877,88.11184467,177.4441959,170.2627341
1,4,115.5329593,113.1576826,94.15637115,92.63867872,94.43780346,88.2789949,178.8246556,173.1631151
1,4,113.5521782,110.5448647,92.38436825,90.31980828,93.54883478,88.79707052,179.2229488,173.6267145
1,4,110.6904719,108.2857413,90.42563669,87.42287609,93.41984501,88.87922432,178.6226741,174.5667176
1,4,109.1076773,108.3443264,89.63022757,87.00006438,93.0865757,89.26392296,178.6360643,174.4994993
1,4,107.6012653,106.9182666,88.75597288,85.51942312,92.95647465,89.67112935,178.6680349,174.320143
3,180,105.1325472,101.4262375,87.64580575,80.76474926,92.98173698,90.25765921,178.2009954,173.9254608
3,180,106.3656329,100.6902726,89.72049321,79.96447222,93.07066279,90.17021148,178.1712089,173.9011187
3,180,107.1108587,99.2347009,89.74493574,78.63542748,93.22504123,90.02050055,178.3464323,173.9211187
3,180,106.9586052,98.64667487,89.34000459,77.58240435,93.79935948,90.09455153,177.4973083,173.7139171
3,180,106.7932433,99.34642521,88.74220287,78.20509554,93.70739566,89.96292922,177.6227077,173.7933716
3,180,107.5563144,98.80348964,89.24461069,77.73545375,93.65680458,89.96766996,177.2907008,174.0776602
3,180,108.2863772,99.05924067,89.71166806,78.3022687,93.76720467,89.30988738,177.6695835,174.6658743
3,180,108.5252971,98.06536271,90.01321302,77.74909417,93.89229838,89.26356581,177.4010298,174.2033888
3,180,108.6296536,98.08587901,89.7991209,77.63091424,94.1304655,88.92668095,177.5183078,173.7185221
3,180,108.6809577,98.83112874,89.83240451,78.22755852,94.32019907,88.9886399,176.594223,173.1731193
3,180,108.7459608,99.76534108,89.9721705,79.02709774,93.95355639,89.14621664,177.1994615,173.3019364
3,180,110.5378231,100.6807301,91.33624202,79.84874585,93.86096745,89.2184623,177.5619781,172.7738762
1,5,114.0247753,104.3009017,94.3723035,83.89740919,93.9848256,88.922674,177.4711695,173.0357425
1,5,133.300354,121.8153139,117.0393923,101.7814511,92.33408658,89.25813224,179.1100105,174.1886314
1,5,140.18447,126.3272553,126.9163373,108.0721104,92.38545539,89.03869657,178.8282349,173.1124451
1,5,148.916696,132.8000023,135.7352712,114.8342109,92.28100984,89.1118382,177.206171,173.3026368
1,5,153.3292027,137.5647246,142.6763563,121.3942967,92.12546338,89.58973547,173.9895522,171.565241
1,5,153.5932772,137.770431,143.2118281,123.0407805,92.40449724,89.02973204,174.0566005,172.3284359
1,5,153.6584023,138.1231419,143.2771717,123.6419772,92.61840814,88.69084158,172.8663082,170.5488004
1,5,170.0350609,160.2589583,168.4211429,156.4539903,91.6046674,89.80721216,144.6074531,145.7377339
1,5,174.1273774,165.1825523,172.6835595,165.4252526,90.93441088,90.15652191,168.6819541,165.1889195
1,5,173.7047597,167.7371289,173.1160479,169.2014468,91.41550818,89.80668773,166.3861661,167.2063514
1,5,175.4899924,170.434447,173.8633731,174.3357123,91.14718197,90.50343217,170.3854943,163.6709044
1,5,175.9279471,169.9472921,174.3708355,173.8571393,91.67322267,90.14940168,170.1308165,167.0087065
1,5,177.1084573,171.7763001,172.8808337,176.2120172,92.64145784,89.28729762,168.2533085,167.8328242
1,5,177.9310418,171.2745065,173.0825411,175.1930809,93.85787845,88.30797217,169.2007099,170.9614445
1,5,174.9447611,168.3850642,168.3564196,169.6043971,93.64832374,88.92632894,170.6994805,171.8270677
1,5,173.5922073,167.4003152,165.9472142,165.4729418,94.116717,89.22758795,169.9958654,177.1350258
1,5,172.8151338,167.7146913,164.9158901,165.6490213,94.58816374,89.79737862,170.1931298,174.3266489
1,5,172.5129729,166.0026452,165.8935816,167.5359132,93.85998457,91.13472681,168.990218,174.3357173
1,5,170.3390141,163.5821349,164.8217491,161.6299711,93.26179265,91.86967874,167.1069628,173.6221851
1,5,168.235246,160.5138263,160.0112503,156.7381916,92.75635798,91.55652016,167.7187392,172.165252
1,5,164.3103662,156.397199,152.3892606,147.1301203,93.35565784,90.88421446,169.3086995,173.6566321
1,5,153.2192584,139.6305374,138.1662292,125.0712246,94.34807216,89.96022516,172.3729388,175.3615538
1,5,147.8893441,132.7537406,130.1913291,118.7647626,95.18893919,89.21731914,171.8114308,174.5538578
1,5,142.7332349,126.5072426,125.48478,112.1597371,95.74753733,88.90188061,172.6892553,173.9684855
1,5,141.6800673,126.7254726,124.5254218,111.9099543,96.1037446,88.78297441,173.0630023,173.9760847
1,5,127.057253,114.6751956,104.565887,96.52289976,96.62881982,88.1963867,173.7710586,173.4454586
1,5,122.7791764,110.0192554,99.84263684,90.68210128,96.34484047,88.30621469,174.5445062,174.4459341
1,5,119.8327849,108.5447291,95.05009206,88.85355063,95.66576008,88.89029105,175.2712361,174.02958
1,5,119.8066491,106.5909461,95.77728757,86.15055623,96.44541997,88.26019273,175.1030112,173.6866478
1,5,120.4101031,106.3350687,96.42619981,86.42085554,96.40014252,88.3971734,175.0179755,173.4957799
1,5,119.8177276,104.3923782,96.27819647,84.07463942,95.8053657,88.7949601,175.1499348,174.2965168
1,5,119.5044802,104.4840286,95.89389118,84.45969835,95.59286999,88.88150499,175.2348891,174.1728397
1,5,120.1970836,103.4592631,96.87629212,83.13607441,95.16935198,88.3122366,176.5112716,174.9597581
1,5,119.718345,102.8246857,97.29032245,81.72479873,94.63846985,88.60800399,176.6701023,174.6163123
1,5,119.0184956,102.3017176,97.25596755,80.88728189,94.30812627,88.35114324,177.4276165,174.787723
1,5,118.6945419,102.4827727,96.78107616,80.63590933,93.12148453,88.93788401,179.0976161,173.7120888
1,5,119.089264,103.3467724,97.02483021,81.46256754,93.21404531,89.15926673,178.3878462,174.5375625
1,5,119.4896545,103.9966007,97.63351105,82.14313834,93.26989901,89.1591709,178.2239111,174.6017718
1,5,120.140996,103.5654089,98.21551896,81.79225683,93.23795806,89.26143251,178.1788269,175.1157394
1,5,120.4585477,103.0757948,98.56088507,81.32368381,92.67974549,89.6964383,179.3122408,172.8147517
1,5,120.6672856,102.1565249,98.76027614,80.37515033,92.82359697,89.46245261,178.7203193,174.2758312
3,180,120.9045586,101.7053908,98.92946352,79.84497723,92.43028921,89.64872628,178.7958541,174.4493967
3,180,121.1691317,100.8210321,98.94888543,79.00255391,92.19786383,89.87136699,178.627728,174.7657537
3,180,121.2960754,99.6114431,98.97170863,77.58861942,92.33579454,89.96493317,177.9929844,174.9624576
3,180,121.6461056,97.9154991,98.97212381,75.5473865,92.47094837,90.04926395,177.8081042,174.9863111
3,180,122.1363283,95.06529311,98.76092046,72.78755523,93.01030345,89.80385551,177.3371498,174.8918559
3,180,121.3236426,91.82205943,97.62359767,69.56112531,93.42280322,89.69183352,176.7342003,174.8568519
3,180,120.9681141,90.81677749,97.02376841,68.5574652,93.48215913,89.64263666,176.7588273,174.7071241
3,180,120.656597,89.45958483,96.60053354,67.23959912,93.52643579,89.69999392,176.9274784,173.9052784
3,180,119.8570912,89.26798552,95.81458173,67.02998642,93.53344357,89.67253074,176.9314716,174.044928
3,180,119.9351436,90.07523187,95.82227441,68.27699525,93.94704056,89.2964978,177.4564081,174.7756149
3,180,122.3299105,92.95418984,97.84173551,73.95459543,93.99793238,89.45177866,177.0367738,175.0385947
1,6,124.5448074,97.43584098,100.3409326,79.71323495,94.29490042,89.33706685,176.5863993,174.9759894
1,6,127.1422026,102.2095136,103.6405713,84.41922282,94.31355089,89.27060826,176.6522422,175.0017254
1,6,129.9883397,107.8760987,108.1461757,90.32561085,94.24372928,89.40600031,176.6292001,174.1234942
1,6,132.6764062,112.3213056,111.8301605,95.1894146,94.29345657,88.99309579,176.6312761,173.7650396
1,6,139.6363704,123.7440981,121.482299,108.4605011,94.28163537,88.73906966,176.4974838,172.3033665
1,6,143.8087955,127.5827734,128.0193132,113.450344,94.14359221,88.55500022,176.1443221,172.3936234
1,6,146.4002248,131.4664949,132.2220484,118.7355235,94.11055303,88.57936849,175.7237968,173.0746189
1,6,149.3994505,132.9200451,139.5041358,121.8076027,94.11960209,88.66217657,175.1431473,173.2193807
1,6,156.5161573,142.9781823,150.8407435,130.2141963,93.63775153,88.47863775,175.5542907,173.5143298
1,6,160.6079953,148.9794506,156.2976985,134.9818974,93.64263897,88.42119658,175.4525387,173.5858927
1,6,162.851666,153.2499251,164.4771875,141.9512252,92.73721455,89.49170363,172.3001444,172.4011014
1,6,168.2072371,161.4596653,172.1025682,157.6734038,91.99310966,90.13797192,172.1619424,171.1658878
1,6,168.475678,162.6179245,173.7880378,159.729914,91.99476482,90.25655991,169.6830253,167.6951484
1,6,168.8495903,162.4255268,174.2810891,160.0215578,92.03986654,90.28832734,156.4779486,158.9325522
1,6,172.5790031,168.2501256,168.3267479,121.6321103,94.20253472,88.64516561,173.3824798,165.6633579
1,6,174.9689139,173.4555832,176.0459003,161.9556099,94.08717858,89.28713598,176.9955569,168.0977896
1,6,174.9618115,174.9275508,177.4042595,171.7596259,93.20549168,90.42689567,176.5257331,170.0251261
1,6,174.1477402,174.7371614,174.5114356,173.3873803,93.77101992,89.99604203,175.4912113,171.0490582
1,6,172.7265352,171.1980002,171.7710851,165.3880685,94.53866519,89.52481813,174.8468372,171.7743298
1,6,171.745967,169.0048508,170.3148183,162.8558972,94.06639367,89.90336676,174.8039799,172.4812229
1,6,171.9477127,168.4393436,170.4393851,162.5823275,94.90111349,89.29209117,171.2177347,172.7416894
1,6,172.0068988,168.1693262,170.4458046,162.4397488,95.30580603,88.93149799,169.5190007,172.7562861
1,6,169.4746197,167.2125246,166.3886363,162.1417103,96.11921679,88.25779093,170.51718,174.0727013
1,6,165.8136837,164.160499,162.9631893,154.2037764,96.98423109,87.21336212,171.3571368,174.9578062
1,6,155.3255222,146.4489437,139.8504908,130.4630618,97.11147949,87.46076626,170.3821693,171.8693047
1,6,151.8395985,137.5357519,133.9622907,121.172597,96.32971626,88.57968065,172.9595804,172.1244431
1,6,149.1585041,133.0843095,129.142302,117.4868638,96.95189653,88.67836863,172.6166546,171.6669181
1,6,146.3496808,128.9729696,125.4995865,111.0498101,97.17271135,88.42161084,172.5827988,172.308276
1,6,134.2807007,119.1667685,115.9215759,101.9047688,98.5479559,87.45919554,172.533794,173.5903799
1,6,129.0999656,115.0212857,109.0764801,97.3395498,96.92637994,87.67450215,174.3957627,172.4906508
1,6,125.538508,112.6966902,105.0259478,94.6644951,96.64223759,86.76857636,175.5405496,174.2620509
1,6,121.7311948,109.9551525,101.0864729,91.13680653,96.06874493,86.52464728,176.6346044,175.1567161
1,6,115.703561,102.8147148,96.43847005,82.60073615,95.28972061,86.78681416,177.3130503,175.528002
1,6,112.2775603,100.2237758,92.40161934,79.71302813,94.52443631,87.62940214,178.3496197,174.5680193
1,6,110.2882277,99.06670552,91.56816809,77.89307325,93.46520232,87.86453348,179.8155888,174.8967326
1,6,107.8075384,97.3771018,90.20894533,76.54279221,93.47121589,87.9524439,179.8917376,174.795522
1,6,103.0313966,90.51717871,85.89099083,69.41758704,92.84177754,89.00152867,179.7806333,174.4345346
3,180,102.5505815,89.39265722,85.11605531,67.73341708,92.56498585,89.44970591,179.8855594,174.3876237
3,180,102.7534266,88.74241851,85.17390071,68.13219288,92.70733371,89.69268824,179.3179931,174.4134105
3,180,102.1409629,88.61978671,86.0028932,67.36949982,92.78427008,89.15028761,179.5933677,174.6349463
3,180,102.9204731,88.40557196,86.72276148,67.48175401,92.42339075,89.47824299,179.6851392,174.5773992
3,180,104.1483175,88.99426405,87.88834441,67.90573721,92.68174031,88.73607542,179.4104213,175.0601331
3,180,105.2414995,88.88731242,88.96707495,67.66247641,92.68396755,88.87779872,179.1634939,175.0087622
3,180,106.1299602,88.63057482,89.13087795,66.88071478,92.96482492,87.84160544,179.3136741,177.1127782
3,180,106.7098958,88.74928141,89.23084424,66.85780074,92.12489615,88.66497096,179.3401901,175.3127225
3,180,106.9918314,88.1972732,89.29157794,66.59197523,91.4910746,89.03811496,177.5477637,175.7790392
3,180,107.2910639,87.55189692,89.19352128,66.68177842,91.26824401,89.40506083,176.9042748,174.9896133
3,180,107.5467868,87.52279866,89.20619254,67.03743164,91.21226781,89.52783434,176.8945679,174.6198169
3,180,107.57115,86.73534341,88.64590888,67.2041247,91.43966078,89.54052279,177.5278675,177.2162254
3,180,109.0456823,85.68791865,89.21156295,67.44799211,91.91440465,89.51971177,179.5177813,177.307882
1,7,110.9176099,85.51919058,90.54966185,67.41394684,92.20864255,89.31351789,179.4918,177.9250626
1,7,112.6970987,86.10693985,92.28252766,67.50163379,92.32053496,89.09748972,179.4169489,177.7423774
1,7,114.7913385,86.35506701,93.98916579,67.76530861,92.10387355,88.96475873,179.7698299,177.6725593
1,7,116.6379864,86.23719772,95.69051134,68.64428406,92.18602909,88.86868502,178.63383,177.7709232
1,7,122.4318547,94.79946913,103.3357613,78.24475217,92.06629112,88.75731996,179.646151,176.7420868
1,7,125.5051416,101.3070148,109.5959692,85.09403712,91.84209152,88.75285747,179.3041986,176.6103851
1,7,134.3388279,110.7474563,121.7150417,94.69258842,91.6491051,89.28045464,179.1635141,176.652141
1,7,138.5719768,119.2717438,128.0943189,104.0339252,91.62098049,89.52163043,178.6272998,176.0786582
1,7,143.7950511,124.3656082,131.6018372,109.6061455,91.25188265,89.7582486,179.5961036,174.7070715
1,7,149.0370003,127.8472263,139.2463802,112.5188947,91.28505801,90.02762615,178.8235099,174.4689541
1,7,152.7758745,131.0325596,146.1739859,118.4660161,91.69045889,89.70768567,176.9725155,173.7884152
1,7,165.8668591,151.0762504,168.2781936,138.8678663,91.62577101,89.61477877,174.3916047,173.2817964
1,7,172.0748118,157.3867691,179.5224941,147.1428436,91.87190868,89.05642673,174.8248649,174.189773
1,7,172.1272849,157.7552217,179.5138519,149.7718755,91.57349419,89.31850348,173.2741518,172.3958532
1,7,174.2687139,161.0123682,177.8568365,159.5424306,91.59788014,89.68001618,172.5983182,171.769515
1,7,173.8792233,162.9374948,178.1543079,161.9704429,91.68230302,89.57141932,172.2909872,170.1969905
1,7,173.6992637,163.0739184,174.2599091,163.7138922,91.91003302,89.56906072,172.0353414,169.6606478
1,7,178.113904,11.23546312,167.2338523,41.61109918,92.44465548,89.46785929,176.7110274,171.6849654
1,7,176.5286056,174.6013826,171.9378866,164.198564,94.25514267,88.90187916,175.8518206,168.337414
1,7,175.3818395,171.8696066,169.2525276,165.1136959,94.06633805,89.6578206,175.137583,169.1122286
1,7,173.6506447,169.6395413,167.296749,162.2246091,93.11782062,90.5472072,172.0789634,167.4446135
1,7,171.6609115,168.2081252,166.056013,160.9073816,93.38653683,90.53432462,168.9174243,167.2320818
1,7,170.6938123,167.0172763,164.8125379,161.2140227,94.41844552,89.83909444,168.1195525,167.7872372
1,7,170.1682432,165.8978963,164.4011678,160.9080503,94.98326531,89.46256755,168.1010107,168.6599727
1,7,161.5187106,150.3428744,149.4907244,140.6463992,96.59391777,87.35650242,171.5697677,175.4806806
1,7,156.8818189,142.809226,140.3543047,133.7001324,97.59924383,85.84917845,172.6538747,177.1649913
1,7,154.3420518,138.7593361,135.5438721,128.9744531,97.43184841,85.89056653,172.461591,176.7463449
1,7,152.4836896,133.0588305,133.8234937,124.4899022,97.76377059,85.67272454,172.5996475,176.9142342
1,7,149.3127146,129.8967365,131.7485278,120.094981,97.72265033,86.06919458,171.6772227,176.8321975
1,7,140.814835,120.8881731,124.7857854,107.5990648,96.9347198,86.42564241,172.9140771,176.8658071
1,7,138.8851207,118.4867927,122.1900878,103.4229184,96.05505667,86.86562358,174.5628575,176.6496062
1,7,136.83941,116.5361042,121.1690277,101.000516,95.72993923,87.01942139,175.0603687,176.4465464
1,7,134.5474371,113.8986538,118.7518615,96.79457952,95.52107631,87.07292543,176.054717,176.1453025
1,7,132.2551154,111.9283428,116.2618737,93.65376736,94.80901214,87.80008745,176.9445788,175.7055902
1,7,128.4985837,110.7666185,111.5702001,92.24638594,94.69231495,87.72550914,177.5116929,175.0600586
1,7,121.3945113,102.7047329,103.3464596,83.38744831,94.79452933,87.63779605,177.4812789,174.9319566
1,7,117.2827444,100.6715701,99.77727453,80.10965125,95.15795,87.59049999,177.3513992,174.6633782
1,7,116.2386438,98.83379382,98.49392769,78.6143313,95.17648021,87.56547094,177.3360797,174.7115056
1,7,115.4472619,98.18156267,97.69630633,77.00995623,94.74834696,88.43193183,176.8651099,174.4312395
1,7,115.07439,95.02374112,96.89826268,74.33655904,94.30949845,89.22649224,176.9152397,173.6458008
1,7,114.5363146,93.38553031,96.38846554,72.75208436,94.26583193,89.36624826,176.8889746,173.6579718
