Angle_11,Angle_12,Angle_13,Angle_14,Angle_23,Angle_24,Angle_25,Angle_26
Nested Sequence 11.mp4,89.93201678049252,121.36819065606227,75.500480753661,80.88803618317169,97.39307062256222,90.27853237422069,166.59300464382798,166.53929427770575
Nested Sequence 11.mp4,89.43029959101146,121.56004546183101,77.89443153738557,79.44211887331629,97.42526095872381,91.18127403993056,167.04577935197813,169.51451083316186
Nested Sequence 11.mp4,89.48339452664362,121.87452163848454,78.78623585141169,78.7399934905622,97.2347767335121,92.16419763696295,166.70152772548641,171.5710277781033
Nested Sequence 11.mp4,89.55275356218317,122.2476745155667,78.43776046763091,78.56984640772075,97.10980145451875,92.62081917465368,166.88945383706672,173.0464316989453
Nested Sequence 11.mp4,89.27752756693242,122.98773194851347,77.46498122993304,79.24028665192529,97.09850280212008,92.71872942793166,166.99080045974495,174.02462898579037
Nested Sequence 11.mp4,91.04206912155625,124.24280134729545,79.0670269731603,81.53858986182267,96.99511618281356,93.0904767155443,167.08584106026996,176.07987933312108
Nested Sequence 11.mp4,93.64804948338706,125.53852560441916,80.3038373808057,83.5608970518773,96.9679073173921,93.3120790707913,167.1123871567291,178.24735847102238
Nested Sequence 11.mp4,95.986365261247,127.70128025859088,82.26084743085619,87.84925294472552,96.31087931204858,93.15979547480754,167.68675181041328,179.09266368018606
Nested Sequence 11.mp4,99.9168189726922,131.7120508204111,85.14902373413582,99.8668563155725,96.53416032555295,92.97042828609318,168.27236614787418,179.73399751184587
Nested Sequence 11.mp4,103.84844531587974,135.7798875253288,85.95514822239363,109.35621612670325,96.63697973674704,91.93156625769353,168.59388647667308,179.23870933245587
Nested Sequence 11.mp4,108.50838121799937,142.1864580820095,87.90538303993236,131.2646994089083,96.91784071293063,91.08472702884202,169.42507404844756,178.9605509266313
Nested Sequence 11.mp4,114.17233765065761,145.23785564347713,91.23593959991825,133.09955230831125,97.30094001953756,90.7353318184132,170.65424958215738,178.73557440904094
Nested Sequence 11.mp4,120.14043204259835,148.45205948571163,98.17117697093744,136.74781353119775,97.21186110201546,90.09409084174017,171.70116331763538,178.0825702682914
Nested Sequence 11.mp4,124.53326976722674,152.7933231976867,104.25660619490597,147.54601035237638,96.47133790394099,89.48464520575116,174.50577298590366,177.73232769387963
Nested Sequence 11.mp4,129.90192378962604,155.85459773271245,107.2875747320723,151.2173404101761,96.93648841564448,88.57810929526049,174.27261683929598,179.15859188014414
Nested Sequence 11.mp4,132.80268577160717,160.00822014858937,111.71624597134155,153.92360628699916,97.55928098814559,87.25178548507692,174.43107996645313,178.41522949387564
Nested Sequence 11.mp4,134.55084916627615,161.41925712228013,117.40303175086402,156.6488449291465,97.86117421254914,86.84827422778774,175.42649714901646,179.26807689859234
Nested Sequence 11.mp4,137.689781450502,168.6718662978762,121.44801584455661,160.68860320310532,96.90801920943682,86.792547502305,176.47367398128773,179.74307039986712
Nested Sequence 11.mp4,138.30721160313533,174.75069294738023,120.81191691356275,161.0265221428041,96.25753265117186,86.8936171190999,176.78669932249687,173.90654366185962
Nested Sequence 11.mp4,140.8076419557638,179.78295885082503,122.52548989831709,162.65625044664543,95.6295390074016,86.32797783995734,177.74397939712964,177.25121802907793
Nested Sequence 11.mp4,142.1646102731089,178.3108014228578,130.91846291215117,162.67572591811071,95.51887629534741,86.29384735174024,177.8946200681037,177.06189656050336
Nested Sequence 11.mp4,141.72210990698017,175.67051823052515,135.02745988930354,166.86804648331162,95.50915791431737,87.25445236710331,175.91949943807046,177.5553797923904
Nested Sequence 11.mp4,143.32247960528076,171.53769079534334,139.92396858354095,171.71421602760984,95.99751231728584,87.25446219941755,175.30786062104977,166.78211423336575
Nested Sequence 11.mp4,143.07723991265627,167.86256126921825,142.39553705241931,176.34041994973023,97.05568123478946,88.27898055258099,177.7066335313328,166.0588623171989
Nested Sequence 11.mp4,143.62016476551432,165.33602891527232,143.43384379476072,178.75939507878067,97.45222031355303,86.74091042857556,177.4040418267008,163.81034658115755
Nested Sequence 11.mp4,143.9099289178309,163.66809490891677,143.46805640882454,178.51433131946203,97.6643131213986,86.2082212770654,177.40693161646834,164.79270053638137
Nested Sequence 11.mp4,144.82191686156168,160.7008837777378,145.25466031455215,179.88045160840522,98.50735887536644,85.09996999291069,177.45667586557357,173.0031947011544
Nested Sequence 11.mp4,146.45386689165895,159.33314996378596,148.73273939426898,178.95131812227027,98.53396860445838,84.51691245715628,177.60143646146977,175.15264986921844
Nested Sequence 11.mp4,147.54051329092508,157.9257579615587,150.50035793910718,176.85954279405001,98.32563797696889,83.98785547442195,177.9616626809618,176.33105664606381
Nested Sequence 11.mp4,147.26227916961744,157.37103343313493,151.22605962646185,175.10960071165005,98.37606937278491,83.65015038721518,177.99584780578326,169.54739564244716
Nested Sequence 11.mp4,147.92112288405832,157.69382534680227,151.95482913993408,175.42228413233804,98.70629683278071,82.90154591217494,177.8534379885067,165.94961256117077
Nested Sequence 11.mp4,147.9661694452458,158.46189226313757,151.89370599978776,176.85726299219027,98.52575797796192,81.04475429518877,177.89852403025435,162.51830556088615
Nested Sequence 11.mp4,148.2377629729364,158.3057419970756,152.2693385413225,176.26772300120643,98.43938748384124,79.5198486697155,177.6679533611833,171.48182654218039
Nested Sequence 11.mp4,148.7828774393513,158.3739357137855,153.1243101790132,175.89869533008272,98.4026099625957,78.78532790528315,177.64722456888205,173.18042941431256
Nested Sequence 11.mp4,149.0498424708205,158.2995238417329,153.4624856959639,175.91014480107225,98.16557447259913,78.2995328328362,177.89805539082502,173.09682980443645
Nested Sequence 11.mp4,149.09190358706908,158.00449120893873,153.4168980918195,175.95579846442448,98.00697222259487,78.11510922415195,177.9457648535264,172.69185936045074
Nested Sequence 11.mp4,149.37937813453456,158.08694863225065,153.40191662617872,176.7152125189521,97.66244741300989,78.0795933687605,178.23683109474337,172.33573776662752
Nested Sequence 11.mp4,150.31097517110217,158.37088627867632,153.28129418490852,177.2922905092341,97.57240956569234,78.1504029682507,178.19830803741536,171.87139277953008
Nested Sequence 11.mp4,151.2720887340432,158.54325996841223,153.49518728943931,178.0147960077848,97.37782854721439,78.04411271817219,178.3221690348172,171.4892919692956
Nested Sequence 11.mp4,151.85960236261639,158.68783260029358,153.9478892898141,178.2092217723964,97.0465708212738,80.66115552592494,178.69464552265268,176.7588239034553
Nested Sequence 11.mp4,152.4599671548311,158.75117657441953,154.42129433794193,178.20520374153182,97.22345168454973,80.24150196568323,178.009842247839,175.9227727338425
Nested Sequence 11.mp4,152.5905555454893,158.79095516643088,154.52729873359092,178.1320487899948,98.37598346748518,80.18192665315546,175.69890908032824,167.3278341146105
Nested Sequence 11.mp4,152.63689162002484,158.87640286187425,154.64533427829508,178.13109852914488,98.52114972383504,80.08525192733885,175.23333722256052,168.4198753626705
Nested Sequence 11.mp4,152.58870886864182,158.9877797389529,154.89205007811182,178.23158167457868,98.41112371845122,79.98597109362778,175.62354816763727,164.33699461969366
Nested Sequence 11.mp4,152.7493064427027,159.09765387367216,156.01362005977603,178.37969539368132,98.38158464278649,80.04603163106837,176.01380642840076,162.7473580521671
Nested Sequence 11.mp4,152.60942024910798,159.16410565775746,156.43523478072274,178.4695210899513,98.28958086018804,80.12475217676459,176.28862973331127,159.2788110697626
Nested Sequence 11.mp4,152.47549733461125,159.21469229776432,156.9553982455577,178.18783832430515,97.80942179247609,80.23456755354319,177.22355953667497,160.3622089738908
Nested Sequence 11.mp4,152.34960436546436,159.3417999331107,156.9915872062595,178.24796720773642,97.46960995648527,81.92242003509746,177.8126100510325,162.02055714914744
Nested Sequence 11.mp4,152.4002621555649,159.6450580871111,157.68567146379024,178.2832534234291,96.95127855807459,82.13979982701524,178.43727785296187,160.8378390390427
Nested Sequence 11.mp4,152.42690285902043,159.8606542474583,157.79387204579476,178.32019276683727,96.4607262299944,82.36038077672934,178.4888847206986,159.85205697290803
Nested Sequence 11.mp4,152.32257981920432,160.8989076402743,157.5408758655968,179.06087566029865,95.7427224109893,82.60726869445729,179.59674579419814,159.62373809803213
Nested Sequence 11.mp4,151.3579863862454,161.25869014220984,157.47242946039773,179.12360582053796,95.13888314176933,82.87157679211182,179.5084595845896,159.50213021187653
Nested Sequence 11.mp4,149.05649160391528,163.40974891811015,153.2388290517125,178.18694786524372,94.72233879711382,83.65603252894002,179.7956027369605,164.58169635639823
Nested Sequence 11.mp4,147.18528105680286,166.2730776338763,151.0074779194489,174.36515776135946,94.017274329857,84.97256805849239,179.8521408905335,160.84018840657245
Nested Sequence 11.mp4,142.88019958235637,170.45161499918913,143.34746332814217,167.6644575626827,92.65290838046263,86.60378820203373,178.1111265553654,160.8510282299316
Nested Sequence 11.mp4,140.74114973721973,172.0513061099462,138.68951157848437,168.15013675586655,91.77512487748353,85.43205848536824,177.60682919933973,168.80357964666624
Nested Sequence 11.mp4,138.4538238658821,173.8708823670898,137.07639126399624,162.39172236159672,92.33191982335734,82.16960963061939,178.4362413672702,173.4008673883056
Nested Sequence 11.mp4,137.26128820999827,174.75229706621457,134.11490007288435,163.29818057344372,93.3431103336743,82.0954288038898,177.68309261204428,171.08360959427495
Nested Sequence 11.mp4,134.70464182014595,175.06052149040585,127.55434427268787,163.88408294102314,95.26290556459702,81.44073642051127,174.20602279246054,169.98368869707258
Nested Sequence 11.mp4,131.67102825903257,176.33918822634607,122.9981246988217,162.99964229253214,95.47536148590979,81.55889247086073,175.05483015213284,170.0504146243802
Nested Sequence 11.mp4,128.96015587145558,176.8842296569233,120.67025232207749,160.45210580016766,95.97570462337688,82.09345006090747,173.45743574953696,169.36917804062142
Nested Sequence 11.mp4,125.45975368478034,178.59699524717894,118.34377838023505,156.31904530475586,96.0944772769692,82.19144551593931,174.51057270577707,169.39170677637154
Nested Sequence 11.mp4,119.96769871818147,179.9774749033933,109.82300013839935,153.91266747530062,97.77059442226209,81.61833757295942,173.04135184868989,168.88697862157417
Nested Sequence 11.mp4,118.15585479891274,174.84858017478996,107.00240234291752,152.83318124091755,98.37479648585884,81.50634229554849,172.89960760079188,168.93990757113332
Nested Sequence 11.mp4,119.06671616298634,170.19862929227793,105.93941660714322,152.51455391072562,98.19545821033336,81.78285849699562,174.15129435562503,167.86747252943584
Nested Sequence 11.mp4,122.46855226300784,167.55211560755987,104.93343516710726,153.97857420216556,100.06801447029818,81.40907038441924,172.52886171111524,167.39754028997473
Nested Sequence 11.mp4,123.29217072984781,166.4447886275289,105.60074780525974,156.2151404534192,98.4208927280863,86.0905865347616,174.13614482234496,171.59428243706643
Nested Sequence 11.mp4,124.35007477036562,164.77572793209433,106.20613983414381,158.03697604263658,97.80825955358353,86.92832193862334,174.50836009898612,172.7525111313548
Nested Sequence 11.mp4,123.76677670863984,162.04614071008297,105.28529509911272,158.47818703846605,96.96624016758676,86.9081194238694,175.27525293683723,172.28874544556908
Nested Sequence 11.mp4,121.80488831920799,158.2380872377355,104.68762058105858,157.3820248350128,96.84918625227851,86.28728189797572,174.7798628090277,172.04752872658844
Nested Sequence 11.mp4,119.92086662716655,156.16457913811763,104.21330928094639,159.31073367145356,96.16678689039571,86.69816053845359,173.6771220273706,171.8801234096902
Nested Sequence 11.mp4,116.86473633828665,154.0190020107798,103.98800708603528,159.00859740008204,94.97081976940382,87.41596140053574,174.84925698527607,170.96139624675982
Nested Sequence 11.mp4,114.47944139990634,153.78155789044158,105.15668348577117,159.73763570171684,95.83613457598705,83.96385049758744,174.67154376428078,165.53015538923054
Nested Sequence 11.mp4,109.708973542988,149.28996437526956,101.85787973260977,149.30470166652958,96.13356232913611,84.56916466982018,173.4915141307502,165.45693839756893
Nested Sequence 11.mp4,105.89198415573127,145.99177662635725,96.71385508132425,142.70497228069274,95.65346970490793,86.15440743702086,173.14582616183623,165.6605399379124
Nested Sequence 11.mp4,108.12655770319786,142.0416515077923,98.434242408866,133.54136413446844,97.50229039796574,85.7109392322737,171.02374786906822,165.67695740362717
Nested Sequence 11.mp4,105.23018569895474,139.7255156553785,99.65249028354822,129.1480814276363,98.58576439550512,85.28914573214523,171.39679408769757,157.5927742447154
Nested Sequence 11.mp4,102.38092197128387,137.77520041557543,99.48702018379964,124.55219796340197,98.8358403158461,87.0180302245784,170.45675574532947,161.32097224453088
Nested Sequence 11.mp4,102.17352222948135,135.8940034598959,100.64105052867626,120.69849745944701,98.50669046861299,87.41725935526566,169.73781385220371,163.93154203469254
Nested Sequence 11.mp4,97.68536424425798,134.06083958863508,114.92853643743553,120.10633991722517,99.70985666912388,87.37849642688073,168.27840865726574,164.65320246469057
Nested Sequence 11.mp4,97.17876675485753,132.77078834174603,107.25518303305026,116.30803848717767,99.6017776239424,87.58468920904204,168.12279086936084,158.8199915138466
Nested Sequence 11.mp4,97.91594764135016,131.65137980812844,108.96326868201214,115.47856073557195,99.65174968701234,87.7113072838992,168.52806824420705,156.70666070667457
Nested Sequence 11.mp4,96.79701929796728,130.72945089872255,114.1666088461449,113.22019491353537,99.96380703381844,87.21722549792369,168.37003143923974,161.53611047944895
Nested Sequence 11.mp4,95.72563262509478,129.34632006769152,114.86652979314854,113.47500670321989,98.50928986697075,88.30958550857086,170.14638609032696,167.63478601145596
Nested Sequence 11.mp4,93.63414498139014,128.4557113036916,113.8974495141191,113.45497814393696,97.85095298105442,89.11611521501543,171.60796502321145,170.24524146826528
Nested Sequence 11.mp4,89.62161228208521,127.53825267492059,99.70456717639973,112.16395799619018,97.78108335845714,89.30297789437984,171.86691981141848,174.05215231174535
Nested Sequence 11.mp4,88.06451856597376,127.07866433272707,83.82759897225623,108.11907690513536,95.71611569216351,88.84895576120701,176.50267558992886,174.9980255362628
Nested Sequence 11.mp4,88.1111431075023,126.61551246227813,81.28922960321745,106.17258483641865,95.17569002617478,89.12828405299958,178.20084967150083,175.89591577596232
Nested Sequence 11.mp4,86.69876819229475,126.28635446275618,78.32666795721174,103.03593029831605,95.36344155657582,88.51729385405291,179.77297629888972,176.19498646019343
Nested Sequence 11.mp4,84.734056876907,125.77575244827582,87.02066536394042,101.63087497612256,94.13016222415786,87.9906062561023,173.54449072455512,176.61979279606328
Nested Sequence 11.mp4,82.6070517885671,124.68659543665862,110.42178429932108,100.98986920605222,94.50307708618055,87.58507909512844,172.0378799061888,176.27384753086739
Nested Sequence 11.mp4,81.19976523796396,123.54418248050379,126.23641674593583,99.78126051530603,95.1147765447584,87.42895367137149,171.31448735216804,176.1622579974912
Nested Sequence 11.mp4,82.36043944391228,122.24305351221338,117.86211654190305,99.27827751433972,96.49588449505245,87.228663437715,174.23064524636067,175.96946285542393
Nested Sequence 12.mp4,87.01003903466226,123.17244282626558,64.43246759720037,93.32622129644714,98.04234647479734,87.68268974021176,173.8125259863276,174.5875822984719
Nested Sequence 12.mp4,85.78885350329378,123.46878060326566,75.94804174467741,93.20607267482917,96.67400128315028,88.4219339714918,172.62942770997915,174.67901958156807
Nested Sequence 12.mp4,85.62875154076757,123.63050432852,79.92330525945599,93.29556377193002,96.04323414957038,89.55740408954384,171.5879078718478,176.63206948393565
Nested Sequence 12.mp4,85.7881641807284,123.99286969671206,81.62670686747964,93.43865755308673,95.62659174154389,90.53222203681948,171.7125677283387,177.92864893232255
Nested Sequence 12.mp4,86.01031364804044,124.64590807169901,81.51805289216068,93.91948469248187,94.88615286177226,90.12857077363337,172.34940016389115,176.47639712028558
Nested Sequence 12.mp4,86.55984963537591,126.08851559189492,78.5904036745782,94.79304555927692,94.09306568538935,90.40504414595132,171.1636273248022,176.28288110821393
Nested Sequence 12.mp4,87.99319939576837,127.06146562262441,79.66404031408206,95.13153924364008,93.89625241684801,90.97518873474898,171.4283001537254,176.6629149944114
Nested Sequence 12.mp4,90.13909545104693,129.20244913122596,81.78914507700175,107.91630132703249,94.0136066725353,90.9510725006382,170.55804209440336,176.35794647001643
Nested Sequence 12.mp4,91.92608196897795,130.40265917720853,82.71920670757237,107.72207011400049,94.16350093921473,91.25620104763983,170.6006766542762,176.82283101535768
Nested Sequence 12.mp4,93.8748776981244,132.60089115237204,81.21517482100734,113.89843784987008,94.4668590439644,91.39766588494918,170.6709098567494,177.2960508769937
Nested Sequence 12.mp4,96.9872938835791,136.60355809321288,83.57341636127762,123.94263107558282,94.39811855457324,91.36096802308218,170.85925505937274,177.43649472040977
Nested Sequence 12.mp4,101.21483888878655,138.86180777733907,85.39455373257562,128.19221339894733,93.98838403468658,91.20975793945951,171.36263721270183,177.3643363041394
Nested Sequence 12.mp4,105.85609989027238,147.86176306733,84.51868973532788,139.9079104544998,95.09539598222534,89.65982235212331,170.47639846431238,178.0420301042988
Nested Sequence 12.mp4,112.14868127065608,154.61881282963876,90.31854045527922,148.70379584511434,94.811825582327,89.73196674766814,170.97873549675367,178.55580944316972
Nested Sequence 12.mp4,118.58290108782693,157.42638081349023,95.91065235592498,153.98108129889962,95.34935628121906,89.43793707654491,171.46207535332758,179.1881933125207
Nested Sequence 12.mp4,126.83654542582866,159.90316400193248,103.7731785051572,160.2604733677206,95.47375524508595,89.18576206305686,172.38091089110125,179.89169453837664
Nested Sequence 12.mp4,129.60796378051657,162.89136776202784,106.43539885250556,161.1290438941281,95.96037527854907,87.84556716673549,172.83008532060677,179.18344067901066
Nested Sequence 12.mp4,133.62260931953273,164.1593589418328,107.65758131524285,160.39415179068254,96.62559397357819,86.40829425251594,173.7026841396482,179.82488623231563
Nested Sequence 12.mp4,140.86627200883237,166.9609232605844,114.92917958356605,163.22656521974605,97.45376340023739,84.49523838532805,173.92331303012756,178.12522464961984
Nested Sequence 12.mp4,144.334692166288,166.8823945344509,122.48721746870132,165.22282121762154,96.73931172045513,83.71835377100811,176.9350410760578,177.3475827703493
Nested Sequence 12.mp4,149.5081685090769,168.6281181737191,131.9706461799624,162.30864889804747,97.49801551514071,82.23828185701875,177.8493881306351,174.7423751230061
Nested Sequence 12.mp4,149.95350413174543,174.24533382371385,131.9292281206814,164.75816013664127,97.6527318119463,81.26760878365276,178.66215942108838,175.24980322465788
Nested Sequence 12.mp4,150.87163871418647,177.28532574283082,134.49056114676574,163.984227982976,98.9984869169121,82.73596609225982,177.80219898402547,177.06659130787088
Nested Sequence 12.mp4,150.67161555015576,179.90139341775958,142.26107049915967,166.08385199730475,98.57112178806608,83.35031645103038,178.7522407248246,175.1305246046407
Nested Sequence 12.mp4,152.9050776849746,178.5054228768838,147.95093047617232,166.47360814464622,97.67477045054909,83.91515023742576,179.99191362061524,175.0287411050837
Nested Sequence 12.mp4,152.40347913176694,174.56769270634462,148.5053160419502,170.07788411708415,97.8953548598488,85.41196197878476,178.28576142115492,176.49217135526925
Nested Sequence 12.mp4,153.62344012143666,172.49146904288483,152.31941265167453,174.60414197803175,96.99517464515793,86.81341931716932,177.49863097881527,177.28258418701378
Nested Sequence 12.mp4,154.11783760661228,171.07245907457278,152.30805055462213,175.5476434269378,96.87801350740313,86.68016682495687,177.91562784254594,177.9201110077434
Nested Sequence 12.mp4,154.76968640983472,168.58104671202116,153.96717465898215,179.37432128308112,96.14170526218885,89.33827582129634,171.87262225352518,171.41900272251954
Nested Sequence 12.mp4,154.55148750435308,168.8269945253798,153.93045833241038,176.41470528790376,95.24390803622106,88.91238087798581,173.41254492057584,172.63566233711035
Nested Sequence 12.mp4,153.54836651810547,167.22656823097753,153.01834415880268,176.82240296621165,94.89751685387438,88.83636940699927,174.6604382552709,173.41513048870675
Nested Sequence 12.mp4,153.02454534581355,165.72456990206274,152.91858026640523,178.5316929091123,95.40220819550257,88.0865333195649,177.06014275805177,174.41707177369466
Nested Sequence 12.mp4,151.84648935716012,165.1037100825068,152.5719378138843,179.36286278484192,95.63225140444717,87.67238131243812,177.77071992305306,175.28969808574834
Nested Sequence 12.mp4,151.45711907474646,164.65542836482135,152.12675112181097,179.60920211852755,96.266394369782,87.37939337488287,179.27995341321687,174.89563775235663
Nested Sequence 12.mp4,151.3857450462356,164.24472742008493,152.24715389667594,179.7529015078036,96.81312900318875,87.11406206746352,179.20691689054794,171.87000662049073
Nested Sequence 12.mp4,151.46464620126602,164.00071570450223,152.49500924016365,179.74710047482466,97.42824832056868,86.56100047819258,177.59177090517719,164.56470298328566
Nested Sequence 12.mp4,151.68424648173578,163.70501389062818,153.61419176742635,179.87981711444957,99.13077987448037,86.10189787378602,174.2646472292734,164.53570708368284
Nested Sequence 12.mp4,151.65121233523524,163.62604768959943,154.14001916342104,179.6383104696037,99.21850236276873,82.55232150082925,174.10574890678745,164.30272538825105
Nested Sequence 12.mp4,151.77606417597357,163.6085300261417,154.41647737106584,179.5550586084572,99.8082675073145,81.4712273544856,172.86873609008597,165.73131235308784
Nested Sequence 12.mp4,151.93543074621,163.6857776483695,155.04385850043786,179.89269073535093,101.07736721506114,80.77058593577576,170.15517174708825,167.6085121018965
Nested Sequence 12.mp4,151.68473638865274,163.71156758827587,155.09852562105488,179.8151199489248,101.62593183850151,80.65846772342503,168.06667372562973,167.95012516610583
Nested Sequence 12.mp4,151.0718380983327,163.6388342760961,154.75096625176803,179.83906086095368,101.90187248497523,80.82699628991982,167.1874431031616,167.8664548040824
Nested Sequence 12.mp4,150.66957448233137,163.51981506751582,154.2867902555531,179.723139675489,102.83756089746299,80.45251432320204,165.47384877341563,167.69145270237448
Nested Sequence 12.mp4,150.47098467298412,163.21528967486245,154.22982065387623,179.78932258611246,103.21884215026671,80.56127160639802,164.54315466982248,167.60893019258168
Nested Sequence 12.mp4,150.2245552774759,163.20605801958237,154.1589155455178,179.75586240192612,102.90972846408684,80.9243367744655,164.41138232894357,167.55950436592278
Nested Sequence 12.mp4,149.87197379587175,163.43818117717848,154.64771759984015,178.97642293674338,101.16278105125316,81.13997780272739,166.6031800671901,167.52711797773716
Nested Sequence 12.mp4,149.93788866411543,163.50010224165814,155.33201256724576,179.0427085805398,100.43628832541205,81.19892026443371,168.14507866371943,170.2887267554132
Nested Sequence 12.mp4,150.02635815639024,163.3768557185608,155.73160260236583,178.7775100885298,100.49115965063712,80.01210332908433,169.75729412339356,172.9975151962715
Nested Sequence 12.mp4,150.07609372174664,163.37137167319432,156.20748656409415,178.71097324336762,100.2920485394922,79.91267804382899,170.0537187075349,173.4557141285589
Nested Sequence 12.mp4,150.72635096528435,163.4063291060436,157.51059807942212,178.46416206762882,100.18561615618941,79.7203186412249,170.5710013134054,173.42687002533455
Nested Sequence 12.mp4,150.69156423867815,163.32184137227293,157.45554271733377,178.09979210018133,100.0746108887297,80.10482992053761,170.67648246539272,174.15195017831968
Nested Sequence 12.mp4,150.40799858055559,163.33114455887704,157.17818709376903,177.7327896219919,100.09992175192642,80.50294162254774,170.59046633724398,175.023817119885
Nested Sequence 12.mp4,149.9165812363649,163.2168165806011,155.90137115289394,176.51842248836493,100.0707647526856,81.73107717825472,170.51065515869982,176.2811914450209
Nested Sequence 12.mp4,149.28192528536732,163.98319744558125,155.45100338376253,174.94924224600751,100.19564438128282,83.32404568193901,170.47551060867113,177.23709998308098
Nested Sequence 12.mp4,147.5815383664389,165.7720618810516,153.13966446312926,171.03904571549853,100.18990685918567,83.3583847940299,170.98886369135664,176.53513563352598
Nested Sequence 12.mp4,144.81254346550193,168.53724933156576,148.70228948247268,165.9771748757392,100.63150662461982,83.34445564744105,170.7058207499615,176.04735851132997
Nested Sequence 12.mp4,143.25837051541538,171.45625562168027,144.42913550920065,160.25261733072654,101.4263285307012,82.63196753311927,170.65424493667808,176.06748206532092
Nested Sequence 12.mp4,139.8759907606757,176.71366570994965,139.66306642200257,154.0610057943294,101.79600924238741,82.8472204257402,170.84200989959572,175.99303130879255
Nested Sequence 12.mp4,137.82996110556886,177.2329627857017,137.79935705621872,153.28431632472774,100.21775323796459,81.08535283006084,171.42728856150615,172.266575815494
Nested Sequence 12.mp4,135.90932817057555,177.30365576768367,136.7178817000727,152.7215145417879,99.31784906503788,81.43202395309147,173.25526367020225,171.94528744008684
Nested Sequence 12.mp4,125.85674478397536,177.1462996029128,129.9843295809024,150.04602522729155,99.92989423745075,83.58821634709061,173.7086952947795,174.36267617902706
Nested Sequence 12.mp4,123.9520561318311,173.13783706759645,125.54556021918827,146.93853582778712,100.6443040592273,82.37500747773726,174.12693293888645,173.99230874400394
Nested Sequence 12.mp4,122.305705186706,164.18119360012344,123.73955370464881,141.43817553419254,101.0134965024194,82.8760762297594,174.80069657749817,175.03112938279142
Nested Sequence 12.mp4,119.97071906130454,156.38550332502018,122.45140859589685,135.61236511889638,101.97087733629354,83.2658411574449,175.24231175304052,176.98148686624174
Nested Sequence 12.mp4,153.10201942388915,124.7898246226357,131.92071723677643,139.96197603107515,159.471649503148,15.800793092848586,168.85247736787153,176.42037862737126
Nested Sequence 12.mp4,153.21990095326814,176.51486805591688,143.00382562828312,176.97380254137423,155.46465877207976,28.39189043941057,172.5600817126157,177.22724466957226
Nested Sequence 12.mp4,133.64691876974584,145.48300576027847,161.67799169701172,146.4255327398423,125.1454744745827,51.522954246529125,170.64994622593449,173.8207802628791
Nested Sequence 12.mp4,170.45702772157122,149.932118349584,133.3156018193945,140.54145488922555,146.21636751267246,29.8259933019808,173.6594046483138,172.53397349295108
Nested Sequence 12.mp4,151.5800689410708,147.11779942015477,129.71402782820286,152.65773800196854,132.57013926734135,44.46758631114599,174.72113978412034,172.46032130293642
Nested Sequence 12.mp4,148.07824063571957,138.98426196622262,138.056968239865,179.94289436480187,113.11745370643989,76.3946721508261,174.16900261113935,171.86450814059125
Nested Sequence 12.mp4,102.00269211914538,136.05588369760196,109.09129741551357,109.15680403172034,112.98995135255723,66.62896976901115,173.76416273185765,175.44937427579882
Nested Sequence 12.mp4,102.07538968500582,134.81127847548674,103.68035338895618,112.00233650074595,102.275866530609,81.27058458902708,174.72510202525172,174.6834421395442
Nested Sequence 12.mp4,106.57510203740635,135.91436978039408,102.8688608024516,106.39376059673867,96.85676825019277,86.97555593780822,168.46423357948086,175.53861622586987
Nested Sequence 12.mp4,106.04105153038412,135.11629172558483,98.15534407608976,104.94842140638701,95.36671451547517,91.23413451636432,169.13225233806912,174.48635544237993
Nested Sequence 12.mp4,102.24284501651455,132.45392570588632,94.51053438588445,102.72983202410893,94.70108321160056,90.95335796142605,176.25729334564016,175.1689912527069
Nested Sequence 12.mp4,97.38622334788535,130.59484128157507,88.04282715622111,100.50137861542508,94.54777431568098,90.95239775862579,176.08394139654445,175.28482613173406
Nested Sequence 12.mp4,139.15986571911267,125.02950460915412,177.45228972997896,112.13005958832967,96.73452933116312,90.61279042179629,175.70608872780554,179.84607266216074
Nested Sequence 12.mp4,86.73461155598169,123.09968300720863,79.97698687898713,101.72763629845164,97.63840900288449,91.16415294502468,176.6334611104707,178.04844967557085
Nested Sequence 12.mp4,84.56701945029393,123.67648021538957,82.09116014622919,96.75161205353616,100.48936680365301,88.9493628835077,176.79450001015644,177.04069355782497
Nested Sequence 12.mp4,124.84105414355514,89.05073428433249,88.99032634779468,143.79601192024498,152.74118216286308,23.939219588322583,165.40509615394967,172.37528690371568
Nested Sequence 12.mp4,164.08943026503033,127.21495816969829,151.24512461373556,70.30867232029323,143.32796955335166,34.91297310677655,169.36059279949043,176.54072848914478
Nested Sequence 12.mp4,75.79062064196424,112.05224740419447,73.75996175186272,76.8646304165048,145.51571453105086,37.90217415809617,171.39229753436783,177.243343891824
Nested Sequence 12.mp4,80.93195057485309,119.07507293312216,86.26416949280345,76.01519674090137,115.57372269927166,71.22007207193299,178.43404682762673,178.08565140630938
Nested Sequence 12.mp4,83.10366141112073,120.42432637304486,100.53364677295504,84.56138057931398,111.97311422806206,74.8250844932442,178.51973806278417,179.01499313232233
Nested Sequence 12.mp4,78.20808965817633,119.38735466660532,70.25887860296235,83.52689927351115,111.12599020137753,76.54790236011081,179.8055066268967,178.02711276316245
Nested Sequence 12.mp4,118.99452334901426,130.73939206966793,93.47969301875808,59.28536150194621,127.75477373959386,53.12082696216555,162.2166708135782,170.51350561873767
Nested Sequence 12.mp4,122.2614141892272,120.76124653359236,92.58835440387789,77.20747337835259,116.32676880652876,64.1835955266456,165.73166150689357,170.5555938322382
Nested Sequence 12.mp4,122.69369187292611,122.67553466382634,87.60208465488486,95.64677552668692,112.2105406091358,69.7011901296844,161.66459907059183,169.2614447629102
Nested Sequence 12.mp4,80.35062021817934,111.32873732785444,78.37093092088085,79.90871851678817,117.38349042851183,70.91592905434105,178.88371694928858,177.03378255986675
Nested Sequence 12.mp4,76.45164899254863,111.55187202677666,88.21578165810112,85.77688061726758,115.59404446947644,72.574077934591,178.7197919492802,177.3422926574604
Nested Sequence 13.mp4,78.28593266966985,115.78047526778744,79.41206217861956,85.19861053560344,98.65405559828562,79.43672679863525,167.79753386519565,159.1522034226975
Nested Sequence 13.mp4,79.61461117319065,115.87542054603995,65.08300828339188,86.10338861006309,99.60653004210447,83.85573941244311,165.10747020134536,164.60771934139927
Nested Sequence 13.mp4,80.81878091777561,116.99360134215081,57.09609385587404,86.39559255928016,99.00797060516382,85.6382208268265,165.27709961322958,170.20874872977618
Nested Sequence 13.mp4,81.08928145502772,118.5793675085524,59.32287874443258,87.34559829853305,98.26657498337369,86.70268588025979,166.8401686484661,172.85501781425364
Nested Sequence 13.mp4,81.45654390350016,119.87590500778262,62.899371077304615,86.60624318373709,97.78482171599254,87.51192770079868,166.61891841541345,173.28507443860693
Nested Sequence 13.mp4,81.9032488279438,120.842175590072,66.00933162088967,86.95423925936461,97.57153968233443,88.08361428239101,168.33200513738197,172.7479991163539
Nested Sequence 13.mp4,85.92489224027821,122.31718080967198,70.92602207987,85.46501229425535,97.84129088120147,87.59878373124837,168.93149147072592,171.60760262603492
Nested Sequence 13.mp4,87.75738162708932,123.08918885409182,72.1997835444531,81.95953039406372,97.88536705818575,86.79936265846109,170.8043618530219,171.0671058027199
Nested Sequence 13.mp4,89.94563174515014,125.06992559512045,72.2157465397328,81.15176033322034,98.08861151095688,86.84823081425759,170.44714245809507,172.67764930893685
Nested Sequence 13.mp4,95.90730778488498,126.65442140842745,74.44612156291623,84.93170925534018,99.71187458458927,85.29331410709398,168.10124214739537,172.7710065012198
Nested Sequence 13.mp4,102.4679588004218,128.01180869159646,77.20867635007505,85.2673811760077,101.4588463751806,86.14548842154466,164.6844360219658,178.41597030228246
Nested Sequence 13.mp4,105.31819084949917,128.59175338904424,80.46036058115641,91.2268697466416,99.51184137365419,86.79231677597032,169.50683071690204,177.39856765142795
Nested Sequence 13.mp4,111.03865563816564,131.10716378296326,84.621686255469,96.8624655305198,99.03378769700493,86.93616333509127,169.81229462844783,177.3390758236281
Nested Sequence 13.mp4,118.94887715719788,134.66158297012015,90.62996175043372,103.99085284999319,98.6788441366549,86.71250657246982,170.0643895435899,178.07397854793962
Nested Sequence 13.mp4,126.1246859780271,137.81430561842913,96.68588325496233,114.19531133173791,98.77496127699027,85.81442332359259,170.2897443233555,177.742952670257
Nested Sequence 13.mp4,129.30038346367718,140.677784562978,96.95771029156498,124.6988691208805,98.19107931145476,85.31209682581105,171.6338853102674,177.8120752091815
Nested Sequence 13.mp4,137.26964353957885,143.84764955471505,99.72248596920628,132.80394141660983,97.3595191510878,85.32544812150248,173.00675402248953,178.30667416599957
Nested Sequence 13.mp4,143.84273001300483,146.3849182326241,109.79251623966255,134.2604910022409,95.78485055400711,85.15790250529918,176.76935754787425,177.9647375726636
Nested Sequence 13.mp4,142.78962906506646,150.0114433675678,112.46721508869399,136.29363330077734,95.11771577305772,86.49612655255194,178.4452393244599,178.61148617113713
Nested Sequence 13.mp4,144.20238371381367,150.97773913078183,118.2435122049458,139.93494847951686,97.09120920289138,86.66598425108951,178.89180407469843,179.46085593424272
Nested Sequence 13.mp4,149.79847146830105,156.71764553605155,127.44923348661465,145.712245287953,97.18319079552822,84.80752779807801,177.8139137451905,176.67939242007907
Nested Sequence 13.mp4,153.42807034238598,167.0728426718642,132.15702766026962,152.84001341762018,97.15446129290825,84.52119613327534,176.85542384768453,175.8167074522764
Nested Sequence 13.mp4,153.31799978620649,174.94631960205734,141.03572529576374,161.61272084729225,95.63595566377529,84.28787243478158,176.86372447882616,175.2352016865989
Nested Sequence 13.mp4,152.2703741433528,177.6256379641152,146.21917937103507,165.57464890340546,96.19186353843695,83.7654226226535,178.24935672389327,173.38693048767874
Nested Sequence 13.mp4,150.69064410713446,174.35777085913395,150.2914261998489,171.6218861515688,97.68943759783156,84.2353093810301,178.37647516964964,175.08477216113388
Nested Sequence 13.mp4,150.53031497303058,173.8035028891211,151.27833844710162,170.82079354977674,97.20559765924892,84.55281184408682,178.94653038402288,176.11542764912434
Nested Sequence 13.mp4,148.7097450807067,171.8735092069959,151.7371907021558,171.70732359711957,97.08244685508025,82.79107311170556,176.76192490542817,173.69752080025825
Nested Sequence 13.mp4,148.81113112121764,168.0655811545259,152.22979817068673,176.06514916213385,97.42880075080394,82.50501135332118,179.1668286473107,173.23518694390677
Nested Sequence 13.mp4,148.5625517158424,164.78573269474663,152.91057184767965,179.73255059663137,96.82490581772817,83.34111901825457,178.55150033506752,175.4940139671858
Nested Sequence 13.mp4,146.74455683560592,162.9793527009886,153.437043085354,178.11439146354016,97.02150557720739,83.80698083978531,179.82994680932376,176.88516215963548
Nested Sequence 13.mp4,145.86135919606517,162.51241118497953,154.60569662187598,179.09438978734033,99.65102702675529,82.73990546905704,172.37811171380847,174.46350379495357
Nested Sequence 13.mp4,144.23796705597476,163.2325830721286,153.94463079981477,177.97062605794443,100.14777630291141,82.4515148110006,168.50300017602615,172.83383282754514
Nested Sequence 13.mp4,142.6016965169554,163.6508062440785,153.0637065103037,176.99668306840073,99.33763350007698,82.93395228536396,170.97853938700874,175.11958190923403
Nested Sequence 13.mp4,142.6066443173114,163.89647968829823,153.85273019936304,176.73540367878417,98.12598507899841,83.03131514785574,174.42473727199038,174.2906435545054
Nested Sequence 13.mp4,142.5903432390372,164.45789935623776,154.9748133964427,176.08551103790694,97.20254074848273,85.57022058305427,175.3392772132848,166.50596173578643
Nested Sequence 13.mp4,142.86946315006116,164.73336800184688,155.8067722631858,175.80713433821353,97.946311940696,85.8283861357211,176.3192563075401,166.326001366449
Nested Sequence 13.mp4,143.24627410435835,164.9715015380351,157.51704348507795,175.41723285317266,96.66644753484255,83.76377605684503,178.1708251025918,167.93744814572275
Nested Sequence 13.mp4,143.03713769794064,164.93148863815605,158.92862130072595,175.71563570959995,96.55358692667457,82.41019607827577,179.47126375544084,164.48443886818094
Nested Sequence 13.mp4,142.91223744947862,164.92053155120206,159.45444900429146,175.81493818228006,96.39705406502893,83.78875003653698,179.35456277493276,162.95295528532725
Nested Sequence 13.mp4,142.8558157970759,165.03923519764763,159.52042220713213,175.64737197062212,96.47636601984993,82.06764184643728,178.270052534219,159.62569568883444
Nested Sequence 13.mp4,142.3248446433493,165.23039342283954,158.29604579302972,175.24730175188682,96.67660557991043,81.14918444736841,177.7489915746156,158.30876550546154
Nested Sequence 13.mp4,141.2637049758132,165.6643728542534,155.7922668850677,175.19409586522383,96.43999992538492,80.674530062458,177.94567210448594,157.26125134567386
Nested Sequence 13.mp4,139.8169897531742,166.1667034324527,151.4852661820945,175.55469619345055,96.43881815990053,80.13052425275393,178.0903510522873,166.47101558822644
Nested Sequence 13.mp4,138.94891118961795,168.5818784888785,148.2993240156607,174.05009178261363,96.43495853420413,80.05188305504502,177.93677635795996,164.54096097888493
Nested Sequence 13.mp4,138.0122531339018,172.23676425723116,146.73786293998285,171.33531955935288,96.64004239866021,80.04865402135124,177.40935953049788,163.71743667006123
Nested Sequence 13.mp4,136.1006671416545,176.28374232658655,143.21340350569847,166.41002468724236,97.37113559955084,79.95604976135029,173.5654188137251,161.851009366131
Nested Sequence 13.mp4,135.33788163674325,177.0418345934724,137.69377231343654,164.56722749379432,97.94414063616155,79.49240131046342,172.0777745971199,158.98135479795644
Nested Sequence 13.mp4,134.09918386058004,179.47488967606841,132.46270062265555,161.4763540755275,98.36763810590787,79.10896607154045,171.80411472537617,154.9554089400649
Nested Sequence 13.mp4,137.17633377320604,177.0215679680194,129.57441982837335,160.167911189275,98.25067724328625,79.68979097577399,172.07390008963642,154.072553788961
Nested Sequence 13.mp4,138.94304985839963,172.40852516556396,129.54342924544872,154.6367174826321,99.4393028334809,82.63851081837115,172.66780433403508,161.13291050310937
Nested Sequence 13.mp4,137.91696382152878,165.45702176228923,124.69234255825023,147.692827851082,99.63482763188426,83.3669497190136,174.0910135689109,169.76512114654545
Nested Sequence 13.mp4,134.0752372294372,158.3703761125697,118.35638986068503,139.04774735893605,99.69453686254298,82.32012501978372,176.86714381794738,174.08550859040673
Nested Sequence 13.mp4,133.00686078910184,153.38850713982453,116.82262902210832,133.83212248595248,97.36384546592677,83.99276032585381,179.0103896567346,175.4986535184245
Nested Sequence 13.mp4,133.84431248301297,151.41945286025563,117.75341559993382,133.30326471972347,99.36188300210011,86.8156590491475,174.6230061985114,178.22262887599297
Nested Sequence 13.mp4,125.86536763042302,143.15981884131745,111.38131221761915,129.96956857890777,101.41768766427708,88.99374299091075,179.12674261063611,178.98763548419691
Nested Sequence 13.mp4,125.01243945576401,141.4579312863684,114.04446585297887,127.02549879766647,101.16675237542569,89.6114202138254,179.50570732594687,179.76481611599303
Nested Sequence 13.mp4,145.3800808492666,141.2473393577461,158.44362982560216,157.73134854750268,100.50713763814235,86.90177754467376,172.27254341283873,179.11490412775154
Nested Sequence 13.mp4,137.68057533734626,103.43172441799176,122.45746471381061,122.54129231790384,147.7090360712451,32.37745284815201,165.1483078951893,177.8899173606292
Nested Sequence 13.mp4,135.30709584688574,109.46527511273374,119.94162337298482,145.4462850078666,155.14338700705122,24.47612494508987,167.78367466431624,178.84330971324067
Nested Sequence 13.mp4,96.9250535795851,120.39792912888211,87.124200872897,127.95688256018032,117.06132156207329,64.2164979395497,168.1243807813538,178.35364124734804
Nested Sequence 13.mp4,92.76945883572176,123.36351397821875,88.46857729938375,141.5444882090619,109.6276520797665,73.28642233162927,170.27479580427234,177.25281468806665
Nested Sequence 13.mp4,112.49383275528979,106.67319546767648,127.1106766765935,155.2222089291885,106.6605611671367,76.35013473332644,171.14816434870662,177.8417177837911
Nested Sequence 13.mp4,94.57745118408958,121.54647030842196,81.85150336084467,138.49179332344167,101.12773365581535,82.90753639940955,176.8511792848246,179.1978399306587
Nested Sequence 13.mp4,98.00335762577899,119.31336017229785,82.11424434691742,91.99508395458366,98.09964225058042,88.18052585704143,177.3127160994524,179.54881009505323
Nested Sequence 13.mp4,98.85559072205832,122.6330754229416,82.75088881312485,91.3153337894805,97.75178544749662,89.23210942966264,174.86142418510028,179.9076435983128
Nested Sequence 13.mp4,98.94203977028982,123.33310983577675,82.84546524255319,92.18948208436638,97.93675438357405,89.2261173732619,177.10490218802394,178.19682717269436
Nested Sequence 13.mp4,97.55226978382228,124.39357588342315,83.49450327956191,92.90981024610764,98.11635046459321,89.05871198434326,177.2052798900535,177.8063126388363
Nested Sequence 13.mp4,95.51324769041398,125.83384746267268,81.03476248439375,92.7015599288646,98.347947922875,88.60548868498537,175.97393168503123,179.73274322403776
Nested Sequence 13.mp4,94.05288128413866,124.92482382379833,79.75811040251818,93.01960780243408,97.8908296260609,88.42766097112803,176.287427817247,179.78398820782746
Nested Sequence 13.mp4,93.23823779670714,124.09024908105897,78.74645476540923,90.37649141509114,97.7325402324555,88.12983078067056,178.36107527572727,179.5438266404925
Nested Sequence 13.mp4,92.86301213901336,123.94734962318725,82.0520992138969,94.93799385606565,97.3395393861091,87.91502785173194,179.61852745589294,179.45251096127373
Nested Sequence 13.mp4,91.90319107327872,123.40251843529146,84.15182555592469,95.04473323946964,96.21221824499042,86.21548264581614,179.45392588433646,175.24238052912673
Nested Sequence 13.mp4,91.38248052221707,123.35535980415543,83.17659726907584,90.696046475359,96.10495019861844,85.24389830553427,178.2018357271114,173.88757349110378
Nested Sequence 13.mp4,90.38545565860532,123.48206485724378,78.29344459653066,89.61883721492063,96.05486883794606,85.30282888198678,179.73109588564975,174.86354347565435
Nested Sequence 13.mp4,90.19668944591666,123.15485342436605,76.34477257661695,88.9626382512816,96.33672459102297,85.43708988991487,179.54661271364222,176.66012290241514
Nested Sequence 13.mp4,90.13014721608418,122.64646935650183,75.6501239096972,86.7963995614594,95.90556151535571,84.6464610362648,177.97177637893654,175.21734541483667
Nested Sequence 13.mp4,89.06439937160114,122.29340727507247,74.20372778383597,86.01867068834198,94.69238477433358,83.93893531924603,176.53358760389867,172.59244015057055
Nested Sequence 13.mp4,88.51566035062278,121.67718595855058,72.50721265294047,85.09411409807745,94.33826634830885,83.36072323216821,177.725632272464,172.24067889565862
Nested Sequence 13.mp4,87.85283712117388,121.39814159108866,72.41798172192414,83.92561688518084,95.0114411154485,83.15795950644912,176.8018985100901,171.01173155733383
Nested Sequence 13.mp4,87.32328860696285,120.86488442550183,72.06121708870162,82.83859094067603,96.81625898038223,82.29812388142399,176.47587825248866,171.44379580593176
Nested Sequence 13.mp4,86.30267701709973,120.1721893083942,71.57392522040945,81.89486105332286,98.21561983906258,80.72429726832135,177.08345186691795,170.8863849190773
Nested Sequence 13.mp4,85.61297107428227,119.55418851702163,71.00121246915232,81.1003088783686,98.15628299782759,79.85557473400799,176.67065649611615,168.53402888347324
Nested Sequence 14.mp4,83.66180800045873,122.06627329158331,60.3631437045933,77.44025081399525,101.79858769441961,74.61890038699919,159.88130046860118,144.67714175581844
Nested Sequence 14.mp4,83.47639044618747,122.48835022919124,61.97921889621962,76.50269548803503,102.09805101589717,80.6007499190187,163.0369138399121,160.73656750224237
Nested Sequence 14.mp4,83.25237786356804,122.95609156483391,63.34613157275304,76.50694946707769,101.4517887840792,82.42871612840503,163.57874389524014,164.04536923479472
Nested Sequence 14.mp4,83.9865465884748,124.35234610017065,64.06462956570407,77.34180521928786,100.77317616977159,82.86791533519036,166.82503084737326,169.0874652136777
Nested Sequence 14.mp4,84.57111281858674,125.28863322303022,64.55072457614096,77.77179241940495,100.56332848571104,84.50418601100226,168.50075405352092,171.18209555084113
Nested Sequence 14.mp4,86.06212626744394,125.71904401925886,65.36817125398348,79.81931055538253,100.44510327065562,84.54558981875536,170.41451818452168,173.18112473449654
Nested Sequence 14.mp4,87.88738805084017,126.0527683524071,67.09828820613563,84.96117360553988,100.01814449857828,86.01973650536308,170.3391420756726,175.7015724403412
Nested Sequence 14.mp4,91.4661839164823,127.28907153250489,70.86054838668485,90.63882757718454,99.49364706677675,86.34686628149896,168.1965061484994,175.572533881097
Nested Sequence 14.mp4,93.15920767052222,129.82746792044682,72.45732280467837,96.06845395702955,98.37544235393548,86.6450905112271,167.70024010380476,175.74751902298084
Nested Sequence 14.mp4,97.7355169341662,131.8772209608713,77.360717982148,111.6992977506138,97.97645118126142,86.78063502977916,169.13953584288453,175.51979180705638
Nested Sequence 14.mp4,105.15393068386328,134.15269414051716,84.14423903343538,118.67174945072317,98.49106440345147,87.13170734210743,167.3915488389583,175.71976513867472
Nested Sequence 14.mp4,110.22107142326082,136.08418855506625,90.39296381812557,126.44940574291338,98.56188844989579,87.32388469621877,167.44011970134076,176.08520786973997
Nested Sequence 14.mp4,115.72520390461915,136.211191421949,97.95824120551623,125.03254958638544,97.98463983214242,87.07266940455477,167.6266684520349,173.9466614232892
Nested Sequence 14.mp4,121.02540724477802,138.9075116991371,102.17071476075091,128.8825745443655,100.27104264111887,84.90758141541127,168.24766474159208,174.14719145417337
Nested Sequence 14.mp4,128.72769961364878,145.05484519238468,106.66242351376661,139.60625679969115,98.19829496246496,84.7466538366661,170.29312913633711,175.3127246854589
Nested Sequence 14.mp4,135.91430728730447,143.57017583147865,112.28216980217798,133.9194458746062,98.20398127143267,83.81976084124122,173.21190394167712,175.05753017136266
Nested Sequence 14.mp4,140.27982943243546,152.33192213426878,120.59618525693853,146.3826542260424,99.45812405788342,80.86354519373589,174.47800630698862,172.47793066722497
Nested Sequence 14.mp4,144.4254371798132,157.99603874650154,128.61064800373458,152.81754179658208,98.8487360280937,80.01434511632478,178.64105153220277,171.63562440276664
Nested Sequence 14.mp4,143.77126581058948,165.38916822601772,128.67707007514042,160.1590500199774,98.69085880406959,78.5037873784822,177.40412203749338,173.03186642164835
Nested Sequence 14.mp4,149.8298501752324,164.83402534898804,136.37068587515193,157.67586976706107,101.72926681245968,76.89686301438988,179.2088562433197,171.23377156213954
Nested Sequence 14.mp4,150.29080725273198,168.27042783475608,140.75047195406177,160.88052372785907,102.17082148759516,77.1681288632028,177.26748456169128,170.24558118061032
Nested Sequence 14.mp4,151.52429822711733,174.40044421142815,147.5331832825546,166.65658321712178,101.19421439869052,78.55934443390237,177.08459925749335,170.91116418412818
Nested Sequence 14.mp4,148.71793496743283,179.33458687950105,152.73068497607628,173.9331001176918,100.57891618343186,78.79516432569733,178.19644614307205,171.33596133954066
Nested Sequence 14.mp4,148.06385687441508,173.48866284031007,154.8123469139288,176.6844805933842,100.0777115104226,79.6232625818234,177.84456856972596,174.0793965631014
Nested Sequence 14.mp4,145.78198297014936,171.09984698860146,155.14707160306048,177.56071165690489,98.25781257688517,83.5823017101884,175.3948197010338,179.88829388011277
Nested Sequence 14.mp4,145.67714369156923,168.10983086933146,155.05164598756323,177.51597794293838,98.10519500054873,83.83752931486103,175.70145074544843,179.76344062704206
Nested Sequence 14.mp4,145.5620616044571,165.76192099876295,155.5999049179849,177.08961886295492,96.87333609968162,86.76160567411036,176.09059884539525,178.66641948283788
Nested Sequence 14.mp4,145.25480505552002,164.39483788676355,155.60753484446516,179.35095763951728,97.1936121155785,87.56330295528336,177.60206739820953,177.93410746868284
Nested Sequence 14.mp4,142.57731563038104,163.17310321959243,154.6931201127968,179.68498266095528,96.68652241059421,88.40306430657347,175.0757241029498,175.43714831203658
Nested Sequence 14.mp4,142.0044289171792,162.21443869731064,154.04783757310366,177.08058499826024,96.4609425959272,88.55410304190659,175.07923718086792,175.2604335626967
Nested Sequence 14.mp4,141.02521221495533,162.080018513492,153.255963533012,176.36430273268482,95.8786889603626,88.29586886651752,173.34947435708975,174.89324504570334
Nested Sequence 14.mp4,140.52274384201633,161.96942722135094,152.58805431647556,176.20545836974506,96.48198950298912,88.21580875272751,173.37482640785856,173.5695187616993
Nested Sequence 14.mp4,141.00595741741685,161.9250083243263,152.81830751995327,176.3268350922083,96.48360728188896,89.09816523617593,174.09249121310643,171.3189382448874
Nested Sequence 14.mp4,141.31329642201672,162.07665960934528,153.2183132836161,176.61844957010058,96.440213583432,88.9724561174001,174.6273700230941,170.70970760065921
Nested Sequence 14.mp4,141.3534550170427,161.93994487310093,153.23776848437677,176.59294355281924,97.01539782456888,88.48162146747308,174.58597822806001,170.86695562412143
Nested Sequence 14.mp4,141.52789421319125,161.94109434244555,153.7717175560877,176.51257795341158,96.63296307409172,85.38281649735096,173.54511147518053,176.39890711613364
Nested Sequence 14.mp4,141.686834393721,162.02554029516497,153.93501494826694,175.42677419532168,96.64849130704529,84.68076305992987,173.70630049136585,177.6886882914009
Nested Sequence 14.mp4,142.46030416364354,163.13886800500993,154.55085584187498,175.9380729637137,96.35159054969733,84.4381984003909,174.5929725589953,178.79489766618175
Nested Sequence 14.mp4,143.07168590474615,164.48894596784118,154.08785171124134,176.4576086208224,96.56462691160667,82.99765180206671,174.73435014553183,179.63270571796636
Nested Sequence 14.mp4,143.18372270835036,165.94694592202495,151.80311352938762,177.34141197742215,97.52576774162975,84.28122346048065,174.77494635166556,174.82545152991082
Nested Sequence 14.mp4,143.96562613213533,168.23736478273062,150.79669549012118,178.5414631072771,97.87769997227582,84.05646820029652,174.91483691229752,174.34484953590598
Nested Sequence 14.mp4,146.25098211147343,171.50653953174054,150.8037183529415,177.5364683783681,98.12445782877923,81.48843278275764,175.6956287723155,179.05753131788967
Nested Sequence 14.mp4,147.20083316444823,174.4732238604468,148.77464798101292,174.60125992051246,99.0105159292279,81.0515989230174,178.75620212904414,178.58169573235298
Nested Sequence 14.mp4,145.81273869665637,178.20409324392455,146.6073012858448,173.0605904216198,99.2866879162671,81.09118044545703,178.82972659502292,177.33477304013365
Nested Sequence 14.mp4,143.9478039271121,177.9011853525913,142.5611525450695,167.92771965947495,99.85773172217158,81.68486002123961,177.3371228244189,177.0602932792469
Nested Sequence 14.mp4,141.97249817039705,175.11782183207038,138.35502201978295,163.0318119299871,100.083248228386,81.8328564472495,174.86906904128074,177.5624711270746
Nested Sequence 14.mp4,143.81831414294496,170.6802168063313,134.8711438941252,156.40173667545943,100.62792459859287,80.30059172891379,174.46934413899635,174.91281282684304
Nested Sequence 14.mp4,144.2104559439687,165.0437572505664,135.36638304499974,149.75294220703728,99.58933166870406,81.26974800609817,171.4356302179413,175.41809330297818
Nested Sequence 14.mp4,144.6277918191143,162.11190146432745,132.12885161739024,148.19704591845817,99.52465768652996,83.11021927409969,173.36639471748873,177.30746601596957
Nested Sequence 14.mp4,142.93874544320917,156.03422889009124,130.16946731416587,146.39356500095707,99.67854884455522,84.04253144341685,176.31758002050458,178.63937091150055
Nested Sequence 14.mp4,137.5588774227007,152.0898344607348,127.96543558763523,144.62837038122066,94.55210586596962,86.30925234403924,176.196363626579,178.57517485235718
Nested Sequence 14.mp4,126.775289409494,143.9692667413517,137.88670565822864,141.0129395052678,93.38598501825203,89.10495736122623,174.5919129344284,175.92000468542966
Nested Sequence 14.mp4,152.343851954202,148.238661803417,134.39636224466577,134.81588153640885,88.76442229053032,89.51510086403142,168.7665355245331,174.9933185067556
Nested Sequence 14.mp4,138.0161993527019,150.57772123902737,146.5522035176003,118.9656712635949,128.23664631900274,54.869170928355324,161.7482722311229,173.27264496464804
Nested Sequence 14.mp4,154.1655437828873,140.40065747613153,159.96171194357314,158.43564190380405,116.35613853132102,60.68794128547792,160.02581561430517,173.96490499810133
Nested Sequence 14.mp4,133.26386963987804,146.64660123226452,134.4086369745804,85.77078807525277,107.8601615769599,71.70268050203853,163.26060159319138,170.07435602177736
Nested Sequence 14.mp4,132.13588473610633,138.5452570566868,133.67445941631496,102.84214806660114,107.23514171292113,71.45332756283868,166.74066422277303,169.57050459659922
Nested Sequence 14.mp4,126.92181766945762,126.80121784447306,146.67158203705947,150.68038732934275,159.50393936102458,28.411341271254585,174.05489087014726,165.35529471574208
Nested Sequence 14.mp4,123.44251590710422,122.77898748048486,152.2821705443216,146.81700856093897,105.20589872479266,85.80256718925112,175.80283896450024,169.0279029169737
Nested Sequence 14.mp4,124.96996809758667,120.40522832679684,160.90525753660296,118.82685521591345,104.32841126872259,87.25561076704948,173.0241034067863,169.68313061216162
Nested Sequence 14.mp4,89.66435012347071,121.03560155007057,105.88796897241605,104.65751925947646,101.87125854664714,90.31335478786697,168.9603750104854,173.56106152399937
Nested Sequence 14.mp4,107.91855757991951,125.54208915422018,92.73206582050481,75.85399424436137,98.54336752866294,88.54288954487721,172.36819212000384,173.58557253291647
Nested Sequence 14.mp4,85.02825064351562,119.42438654051332,111.13838193632176,90.1621398204391,97.66000923884684,90.28184694399556,169.94542692792314,178.77168442151125
Nested Sequence 14.mp4,85.72668763112083,121.50700094133444,100.88991346754663,102.49670534635678,97.03611089933719,90.83193816094928,172.83460570397776,179.21820920232264
Nested Sequence 14.mp4,98.03181478977626,114.51153156804372,105.64540395952304,94.34554073066006,97.95875419458736,88.55819559731762,175.96390661700394,175.6712553887676
Nested Sequence 14.mp4,109.77994841269319,113.69877899198553,136.19622694152045,95.58774488109727,100.98379179701834,85.45035335042904,176.81419641156657,174.48601041010065
Nested Sequence 14.mp4,118.13600571853496,117.75955892371687,110.68114406702433,107.80262614698186,105.79637469545443,80.19141916245225,178.26926792690045,171.1722438760975
Nested Sequence 14.mp4,85.64634370487474,113.71536448357645,100.70503817643336,95.53992153885284,102.58680272398124,85.06446245541315,179.0803037608568,174.47609460561023
Nested Sequence 14.mp4,83.2043602650887,116.5420317675692,84.33753224361918,102.50413961833972,103.78143695171332,85.86350299267207,178.01491260453088,175.02884594321944
Nested Sequence 14.mp4,85.24006174816698,116.43073741524216,88.80913303950814,102.6033724006009,104.58433311895908,84.27867104298694,178.74817999167246,177.5323950342722
Nested Sequence 14.mp4,78.16953914446974,117.23433383317357,73.99666512648587,100.23675397384484,107.01706316907232,82.05765115691102,176.75830744251942,178.2891995617433
Nested Sequence 14.mp4,79.03386638272482,116.8014677758824,77.41870758912565,97.72131088585924,111.4790015424733,78.09445396493676,175.506982355791,178.40608672359332
Nested Sequence 14.mp4,66.62278403295991,117.27163806079596,57.46985734138208,94.29562467024161,113.84087852643478,79.55220587644784,172.84758465464338,179.10923286786783
Nested Sequence 14.mp4,64.15722776630392,118.4867747398695,57.56948292434559,92.85838290297242,112.31547711686594,81.67804940896455,169.07033025947032,175.5968454618544
Nested Sequence 14.mp4,62.56697461303233,117.98413720337376,55.647711864989354,92.5646924752254,111.71371989387572,81.67778237172996,168.22879694854234,174.56079647825422
Nested Sequence 14.mp4,62.445456360384455,116.80747453924741,56.58927258301396,91.75606609433284,111.04185475679779,81.7025425994904,167.72408857517468,173.45559928199023
Nested Sequence 15.mp4,73.05112951936641,115.67554168484557,53.71018755764448,81.86589204971303,97.57795918263929,85.5380100255463,167.82911851777666,158.03968487078672
Nested Sequence 15.mp4,72.20596767292925,115.82544828816404,54.76724066983791,82.1210789348814,96.96575938758849,86.47588142551183,169.62767321325717,170.98725974308698
Nested Sequence 15.mp4,71.94103632347857,116.25704133189603,54.90029510297298,82.16832904081046,96.8201427804565,86.79604922505595,170.8819167917574,171.53930090402397
Nested Sequence 15.mp4,71.72781800546106,116.94944726840231,54.95915279182955,82.68902584210203,96.90605423840636,86.61069829600575,170.76422491906825,172.38366790682178
Nested Sequence 15.mp4,72.40520511096892,117.58305875676498,56.347074602503085,82.98609671466403,97.12264810396734,86.47944545252325,170.84547998483075,175.3160277761202
Nested Sequence 15.mp4,75.12613262893085,118.81985940809557,60.65053005110387,83.89026221668927,97.16895248189857,84.45808582504664,170.4547880524669,171.46171811254055
Nested Sequence 15.mp4,77.48424619908702,121.29785766632381,65.2380182001515,85.49275323075713,97.55962235042595,85.1317873276791,169.58433842385546,172.43315330156528
Nested Sequence 15.mp4,80.59251177142454,122.75779121352701,68.35450663755586,86.51421382961908,97.56026521720162,85.82947445484731,169.27535674503747,174.76948936714564
Nested Sequence 15.mp4,84.47000379603153,125.1931789327524,71.47531545689085,90.46571465146974,97.27131215805325,86.11333193703958,169.1586926531176,173.58723680307898
Nested Sequence 15.mp4,90.66414639125446,125.90825214532049,75.22607728097609,101.40049238935883,97.29099277976083,86.23367672059037,168.67792521625142,173.15155113467057
Nested Sequence 15.mp4,96.27604360062315,128.40615934137463,79.43439000516759,103.35248517638068,97.33655886300737,86.49983132990141,168.00430355346913,172.96986595414725
Nested Sequence 15.mp4,101.41528972590636,131.3528063446381,82.62816412419926,116.2047422106679,97.30040010205367,86.06517751878444,167.55375395875694,171.98639787340537
Nested Sequence 15.mp4,105.91932573216921,130.45492889848984,83.86783092382234,110.98797175763357,97.5034092975079,86.07689179667382,168.14058198361073,172.19405185417804
Nested Sequence 15.mp4,109.7901933329144,132.158350202276,86.3001616258299,109.3040267277265,95.07525444787339,86.11542284731951,171.28949193604328,172.37485945335487
Nested Sequence 15.mp4,115.80739129133602,133.6503345473637,88.87501590822359,116.39458717706401,94.65540104239665,86.54329327883515,172.77820024672775,173.62431008108658
Nested Sequence 15.mp4,123.75918377253754,142.9843243831115,94.21292937167419,124.70257163160436,94.77958239756035,85.86582495510294,175.10241946906035,174.76743689022723
Nested Sequence 15.mp4,128.79502394740823,146.4999253671999,99.15463660041462,128.9388746142572,94.93252238103429,85.14655167359115,175.16485913546674,174.45663747992504
Nested Sequence 15.mp4,132.93006153960135,149.94873501410598,101.46567637162309,129.72185259041058,95.59583120427618,82.17873299214368,176.9405617306012,169.99371193751256
Nested Sequence 15.mp4,139.71197780989513,153.9753538911942,110.31491626162699,138.8841171369348,96.1783905772075,82.9761082708379,178.9874145446371,173.74556652133487
Nested Sequence 15.mp4,145.20135667543562,158.04299553294572,115.44928462050527,144.9223867195944,97.9766899541554,79.83039562082438,178.3147010903207,174.17013673453474
Nested Sequence 15.mp4,151.06984424335732,162.98358830084996,119.38500323231511,147.78004799499345,98.23667288506039,77.15584703007815,179.0223016045746,171.1778631539806
Nested Sequence 15.mp4,153.0130608666874,169.26930378871256,125.87075134727581,155.94826309477247,98.32049349699179,77.04590423138441,178.30571472236082,170.87565769412524
Nested Sequence 15.mp4,151.98241724297628,177.4129135716834,131.00107857701673,162.9999884671405,98.1451494796911,77.50689786801996,178.1340241255537,169.7298714765605
Nested Sequence 15.mp4,150.63212378615992,177.38518191681743,135.65389813622417,165.67013645401232,100.09796312587855,77.239861193564,175.41471298088885,169.18792054593135
Nested Sequence 15.mp4,153.1188482225777,173.26537591006831,143.6154614898367,171.50653313599372,100.17292150332122,77.91884633913286,174.80685542981988,169.8179199436775
Nested Sequence 15.mp4,153.20587676296933,169.9591177333872,145.82540092941244,170.9511184689864,99.58231826858656,81.37938127124043,175.46037973159002,176.76996227255495
Nested Sequence 15.mp4,153.67834758687724,167.2453300770955,149.67565862864222,173.96166146190194,99.97737384953979,82.68390876245837,173.71832625837354,179.26377736440094
Nested Sequence 15.mp4,152.91953852854655,165.33870300303317,149.49191254269778,176.6296154078733,100.22788130137076,81.45798333514412,173.39439917372252,178.24974765967855
Nested Sequence 15.mp4,151.4626980981038,163.2815099498259,148.25299248793317,179.96556809908225,100.299438225872,80.41294934324472,173.3480925548062,177.0109655592026
Nested Sequence 15.mp4,150.72416899991268,161.83555555655693,148.27455087176477,179.50829725643248,100.03197062562481,81.43523399154465,176.52650077007715,179.0772090820073
Nested Sequence 15.mp4,150.44639440055346,159.93800956396345,149.12584672297513,177.88503302420688,99.19067042633554,82.16045000432162,179.90197970317436,170.36555187217903
Nested Sequence 15.mp4,149.67712405566598,159.64311509558433,149.24792322777915,177.61586075229116,98.37934822941725,83.36747191878115,177.99795321171425,166.30607084978325
Nested Sequence 15.mp4,149.48542157412845,159.5812966238512,149.39382941948926,177.2986231558291,97.19106828460798,84.55009614450373,177.64001885127342,168.2293821711821
Nested Sequence 15.mp4,148.94157148069948,160.07510305386188,149.34960646328625,178.17776064735236,96.47153194694545,85.4169589370677,178.08382612742986,165.03266480539284
Nested Sequence 15.mp4,147.798836497714,160.25622020210722,149.51328465323365,178.80110585436935,97.38702345951725,81.93717735226109,179.22482241735474,167.28878899086754
Nested Sequence 15.mp4,147.136513941426,160.44979896388645,149.8504385348074,179.06736369604627,98.34826502714164,80.84239183153153,178.56746780075542,169.45667223854593
Nested Sequence 15.mp4,146.61215476024444,160.3984272964842,150.8460855191966,179.00002892432357,98.86756973870371,78.69136703136033,179.1229034292712,172.08294007172626
Nested Sequence 15.mp4,146.64282172639662,160.33834202422372,151.9209356209622,178.94819117002842,98.97590128311793,78.29423667832678,178.84329271431199,172.12784345185722
Nested Sequence 15.mp4,146.80817510952423,160.35932013017583,152.9814748797325,179.12167002396606,98.6140274339744,78.19287054409104,179.59231669481036,171.41213837780046
Nested Sequence 15.mp4,147.06404606509096,160.3782821032935,153.68059394122733,179.0686665508525,98.36284187493479,78.32874842802804,179.96753477268626,170.77364524977904
Nested Sequence 15.mp4,146.54294850817163,160.50194290438262,153.89359993610358,178.39754714279215,97.05357418719088,79.13903244281464,176.69912703296956,170.77178716864688
Nested Sequence 15.mp4,144.61871825972716,161.81387226675704,149.75410497196032,179.21052541027706,95.90385950828174,79.59613965744694,177.31603891535903,171.47415867496085
Nested Sequence 15.mp4,144.59989682284558,164.4590344013545,149.2036525601307,179.22953565631812,95.53671631534156,78.58800656778617,175.16975329561586,173.00439287496513
Nested Sequence 15.mp4,145.31941316937102,167.7316740365726,149.26958768181441,175.25652941829432,95.08845322135927,78.53222417442969,174.12061698552264,172.43866845767093
Nested Sequence 15.mp4,144.89282841108223,169.50216931622677,149.07436855535855,173.9137280027761,95.51662479295524,77.71165419225701,173.88683578069117,172.57208398301364
Nested Sequence 15.mp4,143.09338292053405,171.7178006437156,146.31092195273297,171.7271211884112,95.81875524691964,77.57625909842078,174.12850920204136,172.96340024637323
Nested Sequence 15.mp4,139.0320421266822,173.40689945577495,136.64562795912136,170.94408212020784,97.06105570381078,76.47426475940196,174.17482116412896,173.86451599324533
Nested Sequence 15.mp4,137.46520984207558,177.49892403208767,133.1889572569965,171.6809290467112,98.19315937190453,75.3171160771082,175.0716756688484,173.44956102999296
Nested Sequence 15.mp4,134.45573733087906,175.98376352129083,128.04633461009035,163.51217249045604,100.1625557959685,73.56577404877898,178.0217193561011,168.83976680026478
Nested Sequence 15.mp4,133.67131637766542,170.8698432948848,125.83798719806776,158.1322171486284,101.34620325683073,73.61821988862951,179.63629859074436,169.68421114118675
Nested Sequence 15.mp4,132.64008023869545,163.36707199914133,122.18265973851777,149.98355915037288,102.78504182580406,73.43259242480536,178.561566745995,171.19176533540684
Nested Sequence 15.mp4,131.14053030753576,157.84720635364954,121.66454969979216,143.0125398881258,103.14079445337944,78.370968615619,176.34520803653047,172.2122138990488
Nested Sequence 15.mp4,128.83114305550706,154.28929217418394,119.1521903244882,140.56308080051042,101.28710370424602,84.54968352451515,175.8395241989324,173.40048359827435
Nested Sequence 15.mp4,127.14136430502383,149.77990274244326,118.64497834873279,140.74836250386718,98.11168326332432,84.76920787661736,178.52330660117795,175.1374145096819
Nested Sequence 15.mp4,126.41607947046451,147.20609826060834,121.04183810248449,140.41363970731584,99.1406788798418,86.32236835027642,178.91873621942108,177.14927089964553
Nested Sequence 15.mp4,122.74344716418865,143.844817131103,122.95127255322768,141.6987587851634,98.36941359855945,87.81246042584003,178.94387577677512,177.62973069335095
Nested Sequence 15.mp4,117.9922851150001,141.75078585395016,119.11769577606944,141.13835607706233,97.24341983674435,88.56832894295881,177.412382528833,178.0679927300127
Nested Sequence 15.mp4,108.97573831605261,138.25023704597612,107.6021809978775,129.35058497621858,96.96434772956121,89.6707656772565,177.4828967157768,177.5643325599265
Nested Sequence 15.mp4,105.4236147466462,134.19693509223416,101.43422061577951,129.16717706905624,94.95971563438462,90.45545552260471,178.29160990607141,176.19187780136846
Nested Sequence 15.mp4,103.13037725300215,129.33010393178927,96.95258449358784,124.29034244598827,95.32914452024384,90.86770769553853,176.3386213590499,175.97075293503323
Nested Sequence 15.mp4,101.45895034857261,126.1569084821829,92.78280493984687,115.76274991255865,94.72771403024245,90.71864612813475,176.54532381218397,177.4939446755462
Nested Sequence 15.mp4,97.8568462806922,124.4163112543948,88.18176111133971,112.59592547011678,95.42543667534528,90.37327295255321,175.24679512415688,179.22522593227302
Nested Sequence 15.mp4,96.7283203241149,123.44873990001676,85.52479517267949,108.13442934208267,96.9992815892229,85.68783974527096,175.60772199282343,175.67188595535788
Nested Sequence 15.mp4,92.7333009768868,122.79819202730053,82.75791497466992,105.28220449479272,97.83863552586428,85.83030153918946,175.01582252697997,174.56296330981272
Nested Sequence 15.mp4,92.29636938278274,122.10258627889814,80.00420872942253,98.51276219368174,97.0542357708103,86.19335530516287,174.99892577674046,173.89032182656973
Nested Sequence 15.mp4,90.69240649031649,121.03332386073691,75.99051090007242,95.2096367959391,96.18740594046153,86.51962421063874,175.73154754899173,174.97642371145744
Nested Sequence 15.mp4,89.64947095169147,121.42502731418068,74.91402304289643,93.22107306512538,96.56281525545228,84.19205551979594,175.9734739258855,171.6328211657801
Nested Sequence 15.mp4,87.99098429903364,121.12409241868195,77.02924502316704,91.26964644952687,95.75394041078766,82.84839992656616,175.8220120725736,169.6780347244218
Nested Sequence 15.mp4,87.65132869676083,120.33464726175865,79.00625230898481,90.11474904934033,96.03936311018663,83.3594485945077,175.19223161908997,171.1424687810346
Nested Sequence 15.mp4,87.35226682921736,119.55162885814735,80.01189274206934,90.90968173717727,95.89627181646864,84.92892310410204,174.6918230469459,172.61830280005515
Nested Sequence 15.mp4,86.86904223375242,118.64802311994609,80.20081507383237,91.27695469310297,95.62077279567205,86.46763581431084,175.06577896442118,175.22159242144127
Nested Sequence 15.mp4,87.13763045973084,118.09639686578595,79.74100789399648,91.2199777480642,96.08748551113143,87.50173436454965,177.25172949745584,177.95565284937626
Nested Sequence 15.mp4,86.80636053973036,117.54978226679884,78.55493774010706,91.25438072245429,96.09368094761965,87.39334499960796,177.40420690311382,178.47776590685916
Nested Sequence 15.mp4,86.15417205550186,117.48934129062539,77.36477616586382,92.16920589379536,95.46171662946028,87.851918053602,178.0968650490982,178.94650740315325
Nested Sequence 15.mp4,86.2473184040253,117.39272922507479,78.19077034991085,93.16786170175656,94.17479609318212,88.76871198142271,179.54535781419614,178.4736663345197
Nested Sequence 15.mp4,85.65887084613536,116.79030848148199,77.59141458262643,94.66387976785397,94.79504293371446,87.64778177833045,179.7357241953115,179.75247187698625
Nested Sequence 15.mp4,85.12736881981877,116.24101663819482,75.57129691145389,95.11807202199181,94.82150548729487,87.50850498751525,178.95736558253208,178.78465060141048
Nested Sequence 15.mp4,84.67900983217147,116.01900166243988,74.09466216916546,95.14564063709675,94.94099161961498,87.23625577342897,179.0571015753011,179.00214245636204
Nested Sequence 15.mp4,84.24919616021316,115.78761349895248,72.8568565967425,95.14924595755657,95.10241717548058,86.9279678628905,179.0770239767101,179.2849415917655
Nested Sequence 16.mp4,81.6051393594598,115.66368499081793,65.65455054598469,84.82523343778738,100.52885987319394,86.14805593157193,161.49230162673123,165.81302163964972
Nested Sequence 16.mp4,81.68949089384805,116.17977285516781,65.86613631149953,84.69841981502702,99.90823827564151,86.7515184858826,163.06176933782746,168.8237885098674
Nested Sequence 16.mp4,81.75343611710313,116.91626366248079,66.42803858538903,84.72334626521882,99.63458848584054,86.64593688591725,164.1159659972229,170.0923856293693
Nested Sequence 16.mp4,81.86873309286972,117.34843174989149,66.48833312698994,85.30620751387742,99.21630896878844,87.11600304257938,164.6737679535627,170.64085781881352
Nested Sequence 16.mp4,82.33855799636238,118.07860304295502,66.23551977278646,86.0911081625617,98.90596025477986,87.44646630189735,164.98035588062191,170.48926444376835
Nested Sequence 16.mp4,83.57708129718577,119.89174139364536,67.30288966373323,86.7825916083259,99.28993715191422,87.49785697302777,164.88650787215326,170.1856982903031
Nested Sequence 16.mp4,85.00877776695673,121.00536392167373,68.69478637941684,87.01664800304037,99.22570493881601,87.4720043828726,164.80711613006864,172.258809386786
Nested Sequence 16.mp4,87.08080222144153,122.30589049495242,69.4045523596662,89.31213286638888,99.36850731512654,87.10216959595297,164.6277651402446,172.88696199120207
Nested Sequence 16.mp4,89.42227429837683,123.06947167806209,72.40945259519918,94.42907974618542,99.26389117885346,87.1485136650763,165.1762613307806,173.1924611228149
Nested Sequence 16.mp4,93.42947826375085,124.91430646942615,75.35162572453925,94.38051763582546,99.02922939104599,87.52289029107892,165.8067718986617,173.69690810943746
Nested Sequence 16.mp4,97.40215475734479,128.52351419430508,81.76084048668969,102.40817699456281,98.47366784898962,87.93447439808592,166.6460183669658,174.6515614967655
Nested Sequence 16.mp4,102.2347975080673,132.53497039708688,83.23168971173544,106.36982856401332,98.538883142229,87.72656111893724,167.2186348078772,175.83015785519558
Nested Sequence 16.mp4,109.75680872753178,134.60382298999662,87.63420457820285,110.48600113117378,99.04932749122867,87.95744049935662,167.89932823221625,177.79336728875978
Nested Sequence 16.mp4,118.48115755680703,140.11056839721357,93.76551737668944,128.4818756003179,99.63404848527978,83.83255071191441,169.89144777429814,171.1415513581981
Nested Sequence 16.mp4,124.67283422873922,144.06928348159872,96.10388633334134,128.71134482465212,99.42678304758402,83.71948318191131,171.40713340679275,171.60347293448285
Nested Sequence 16.mp4,130.28993827663464,147.05377841640853,100.65883622957716,130.26635589846381,99.06465884846216,84.32267414430798,173.63696160896296,173.93805786235538
Nested Sequence 16.mp4,140.98914654394108,150.38790616294568,113.86057822735668,133.51317606274648,98.22206107256233,84.8476338784304,176.25963266056277,175.37511776099623
Nested Sequence 16.mp4,148.8052089357474,151.39770359401027,121.23089706267933,141.1960447193266,99.2908955094262,82.27426808229391,178.4727644095887,176.36403537765182
Nested Sequence 16.mp4,155.07197143562044,154.47125375975497,128.37723641442767,143.98500850475165,99.91307706900233,80.59286101247571,177.8853713539181,175.92219612744188
Nested Sequence 16.mp4,157.7039226821409,162.78067839310452,138.68813578400383,155.98895366611677,100.03933550344937,80.25988247280975,178.1599775667757,176.24054939757883
Nested Sequence 16.mp4,150.6753323963222,170.7075454447876,137.7453674591065,165.21285838274724,99.83356178617373,80.55911159746267,178.58859989941692,177.86920611264583
Nested Sequence 16.mp4,146.98677562580912,176.93271584891218,137.97909669851728,164.18782659425668,101.57814765351156,78.72618309955018,178.81714643148752,174.44254936474852
Nested Sequence 16.mp4,147.07505858467675,177.4635826786969,141.8085691330882,169.63519784179857,100.67495046630592,78.08588325743679,176.84361456725483,171.04656671916896
Nested Sequence 16.mp4,146.95273605660103,171.5202958020059,145.70421290169656,171.7263876416695,99.26270812369177,81.49803591306174,177.63577828963412,176.51201824995553
Nested Sequence 16.mp4,146.8897157873385,168.51444120866947,148.35951521479888,174.53194411073153,99.3873551709629,83.60514353676844,174.05290669418085,177.3408038006054
Nested Sequence 16.mp4,145.38966798206903,163.89293606153828,148.04522683978945,179.147706634257,97.81976772685151,84.87104473656474,174.60576007401252,177.45357646941943
Nested Sequence 16.mp4,144.92125091853097,161.86371630653247,152.74147703708917,178.95796920413073,97.11470748652215,86.79938971112969,174.64478163345308,172.8632313749147
Nested Sequence 16.mp4,144.53509454485595,160.02759753842437,154.22921771888034,177.68393404943092,96.97408064246706,87.18585349151876,175.16006759268978,175.0482237073532
Nested Sequence 16.mp4,144.44435346515124,159.928702211433,154.19119341213042,177.02554660212647,96.48038645381376,88.19622950804819,175.41570400335291,173.006119188766
Nested Sequence 16.mp4,144.28310200586722,159.82732412377243,154.27947126741142,177.09143377174294,96.70320117686292,85.09330323444391,177.92409601399035,172.8390618157919
Nested Sequence 16.mp4,144.01472961323861,160.36478926083535,153.9933996265491,177.18852650936037,97.27155653728688,84.20524128386013,179.10669487116402,173.2016973881673
Nested Sequence 16.mp4,144.73894739697784,161.17101408166565,155.6736013560831,178.1562019277352,97.54198111871227,83.60991569689956,178.7324087330897,172.98668316345493
Nested Sequence 16.mp4,144.6843969026873,161.55591859546692,155.5417984979358,178.72554334514075,97.46974205814979,83.28712095985105,178.95072354891727,164.99172358796926
Nested Sequence 16.mp4,145.32540105485018,161.1599804727054,156.77252135764394,178.88865075552965,97.07029514275979,83.36659582043909,179.11662522920534,170.0347768364085
Nested Sequence 16.mp4,146.2530076560767,160.5255100581203,155.69236010270004,177.70827046326318,96.644186567006,80.64596459505572,179.66578160875233,169.14026249586945
Nested Sequence 16.mp4,146.9979633716487,161.0891960279174,155.38616445068536,177.1377870471768,95.72115333522213,79.49651326892275,179.79608857161634,168.94850292404905
Nested Sequence 16.mp4,146.92836433380023,162.27509289670417,154.66427404517202,176.76257544932875,95.95311902051577,79.19696093028213,178.6612657094944,169.4400847480365
Nested Sequence 16.mp4,145.49298242174257,164.74818016944837,151.41008624791792,179.63770642562915,95.66827877168754,78.63789577057047,178.46837059244544,170.65747660120815
Nested Sequence 16.mp4,145.69059772797812,167.0578116634719,152.29658824955283,177.8546261077259,95.1933391050988,78.83898353307083,179.01541232132044,170.9353471764153
Nested Sequence 16.mp4,145.70080170468887,170.08595345192273,150.1886252003503,173.0894107198187,95.76115019968677,78.65215287816498,178.6238857272492,170.9960602433205
Nested Sequence 16.mp4,145.91804802762616,171.77573684787205,147.47203243324842,171.26276729241806,95.33619167336667,78.09576810569375,178.91856928348858,170.03388963575983
Nested Sequence 16.mp4,143.7211605685141,172.66976500177847,144.18096035201242,172.44850998995562,95.99822495186811,77.17518961904062,177.8998612499357,169.0856665405529
Nested Sequence 16.mp4,142.37949803038097,175.62251840616537,140.7673623897166,172.1057737502403,96.87361468736509,76.53570877464631,177.80376143618113,169.4115755732739
Nested Sequence 16.mp4,140.2874226045601,176.86242628193105,137.0041374867018,172.01329129462786,98.43727865468054,75.09075434522869,178.33011230624206,169.1131738544088
Nested Sequence 16.mp4,138.31733344554863,179.6805818802304,134.2985139637406,165.19801457852918,97.84076809908072,75.11887310152929,178.03315371856544,168.98241836167014
Nested Sequence 16.mp4,136.94033998865436,178.49622058608094,132.6443881097955,163.6263761644817,98.40891830638401,74.80195094437859,178.1968856514704,168.84411410925995
Nested Sequence 16.mp4,135.7547242869236,176.93344704441103,131.10321476218755,162.74286558167057,98.44192725957441,75.60816450501055,179.0871723204432,169.86840416525501
Nested Sequence 16.mp4,135.33593057527375,172.22914477423012,130.8119294686201,161.06522134871162,98.34569593155845,78.17683281542632,178.52005183704813,171.72503321761505
Nested Sequence 16.mp4,135.09607928870784,170.48010143332283,128.80378222826056,158.3455999793186,99.11621532762155,79.13848138567154,174.6490938502583,170.93631042288413
Nested Sequence 16.mp4,133.3258048488217,167.33932216267084,127.42220659865279,156.59779125263728,99.53026150400655,79.1111711285001,173.12738061767234,171.1621926817474
Nested Sequence 16.mp4,132.10649766180114,165.52187858742954,125.80318865406159,157.71600339479338,100.20759001480855,79.33216523729804,170.44645776214625,171.50032062961708
Nested Sequence 16.mp4,129.97787504469724,163.41047582039835,123.07864825833349,156.74994116266777,100.77048540387744,78.925421875619,169.7462128732426,171.35986262005204
Nested Sequence 16.mp4,129.620704425373,159.7330370401659,122.25350027115158,154.0407976265402,101.71105225683147,80.58534024483392,169.59877387945374,173.95835401119925
Nested Sequence 16.mp4,128.26629983062898,156.06866066032273,120.99088504451416,151.07327075662212,102.031798523389,80.55211856720665,169.0772789650949,172.8287543396475
Nested Sequence 16.mp4,125.77516591533927,154.9427418225415,119.69740663844044,146.83676551405762,101.94988170299416,80.28925103303953,169.3815795737721,172.30978158221166
Nested Sequence 16.mp4,123.98710098628426,153.08594088806427,117.15827638115965,142.00461839249346,100.9780851641791,81.22975771180573,169.69237776818667,174.619633787562
Nested Sequence 16.mp4,122.08212038640477,150.45470819907996,114.21522545111861,137.87325500546618,100.16314760494498,81.59291944371145,169.34057056761006,174.07348992557294
Nested Sequence 16.mp4,120.03257689901866,148.79684222583555,112.22110464990175,138.2590954289376,100.33868768343604,80.35067073414642,168.97913947492307,172.57803261318983
Nested Sequence 16.mp4,115.99785659704101,145.834477309839,108.66035970716734,134.23919072558442,100.32013287343761,80.3012646258131,169.06483433053413,172.22347815742265
Nested Sequence 16.mp4,112.94928692811705,141.18726084029973,106.827747406215,124.99675092459914,100.42526446806892,83.23450960432447,166.0222078167524,177.26393554334047
Nested Sequence 16.mp4,110.96614448126243,137.37771581578227,105.71939513278588,117.59013852984988,99.94235322610228,83.25400962729587,165.56894426151945,175.80569238211706
Nested Sequence 16.mp4,108.97594833225656,135.49458670206232,103.70126267785264,114.06556272080425,99.64667952542129,85.46150164855739,165.48250680203276,178.83164750598436
Nested Sequence 16.mp4,106.12586118299271,132.432077500376,101.02444461137657,116.74416834646242,99.13328616283513,87.52578315894824,166.45871418891085,177.56031025210686
Nested Sequence 16.mp4,103.53593135341262,131.18016440036274,99.17711107775563,115.63867058772823,99.26953279189246,83.93286146935532,167.39894847824365,178.01286293387028
Nested Sequence 16.mp4,100.91791307868557,129.7615854049295,97.02987382420582,114.54509780993365,99.41516735393253,84.64802828623529,167.53406729691494,179.87775543430072
Nested Sequence 16.mp4,98.99266360202361,128.33397790362278,96.87439310702905,110.31062691279229,99.873369053994,83.68842052392547,166.21978706411525,175.4175819373166
Nested Sequence 16.mp4,92.75548438350243,126.04842294158175,95.54405003217761,103.43130091078731,100.18201797521243,83.59176195981081,167.003217990495,174.38969042631402
Nested Sequence 16.mp4,88.05620355423207,125.02597328490609,99.08073622354203,100.31577967807168,100.18753061292995,82.81572325291316,167.04321298656376,172.09159350915365
Nested Sequence 16.mp4,83.75420944667587,123.91785171479242,93.17874905808317,97.18415070926598,98.22571975075363,83.51929007129029,171.3703296143761,173.62133076062372
Nested Sequence 16.mp4,84.68764476481773,122.84284457760765,93.69758546664903,95.61704916169157,96.92163810237133,84.9977842101763,175.1148890372802,175.87194484600653
Nested Sequence 16.mp4,84.66051394696767,122.12337610912513,94.20261732907635,93.10094966611297,95.88239981668488,85.78105603486658,179.71516981947218,177.55857074592154
Nested Sequence 16.mp4,82.94499382532668,122.11130669699068,92.35264483007218,93.15764312469923,95.90858288679652,85.5256802327931,178.49867900384666,177.52849287068275
Nested Sequence 16.mp4,84.25149064471866,122.01452293018971,90.97690452369555,91.21282463138841,96.13202437499041,85.28632945331928,179.77456791723645,177.56465466907363
Nested Sequence 16.mp4,84.06518021795466,121.62127255116835,86.68675468582528,89.07214194974384,96.88759221676384,84.67064279720495,178.8176211761209,179.90950435183868
Nested Sequence 16.mp4,84.11974208228325,121.00691002806033,82.18638155002522,88.30871840717329,98.20436061312114,83.27071825382258,176.89727459166104,176.63261004886
Nested Sequence 16.mp4,84.45687900907559,120.45641958482148,80.69073416214704,88.69238463828086,98.219881032952,83.36641200543484,177.93606788193296,176.9655857515001
Nested Sequence 16.mp4,84.41682164542935,120.10179868650755,79.61325923861655,88.9215676818688,98.08675829739167,83.19654127096899,178.37858657558442,177.1682638305089
Nested Sequence 16.mp4,84.17652903910835,119.80974589260555,79.0523095441068,88.58366297500099,98.23984221756422,81.23603697374611,179.2565427071703,178.27265916218826
Nested Sequence 16.mp4,84.02939634527333,119.32461568144842,78.32232751265356,88.08545117207068,98.11807552944862,80.43331129884561,179.26256742818845,176.77475936815338
Nested Sequence 16.mp4,84.00915380977135,119.10962817835056,77.8964019818099,88.10365143340569,98.31292548973931,81.05858159351573,178.5838456596299,178.55032989597328
Nested Sequence 17.mp4,84.87222242205293,119.02467665444539,67.34019870389024,82.09058842201668,97.47068602314931,79.83183185117014,173.4665598558566,169.3497135427137
Nested Sequence 17.mp4,84.46178284990276,119.53942736683496,68.03525488687684,82.39362655551078,97.68561211916908,81.14265306684302,171.12217152044428,170.93432644829826
Nested Sequence 17.mp4,85.12446825641533,120.2882728875814,68.60871254044021,82.78328730203911,97.62936597670186,83.93541949106873,168.2283638148794,171.77322548957898
Nested Sequence 17.mp4,85.79253171604196,121.19737456718363,69.74766693700397,83.52454172677788,98.52017971614656,84.69934467904493,168.0139091420328,170.60909894340068
Nested Sequence 17.mp4,87.24726035729361,122.94152025486832,71.04925854732832,85.58682959050343,98.69901834130907,84.30649386687219,169.36013395221283,170.97574891725563
Nested Sequence 17.mp4,88.42732622687625,124.07779688148045,73.58166360111704,86.096471043407,98.85290992431145,84.48807807151591,169.2117635157544,172.39224375654175
Nested Sequence 17.mp4,91.39605800139883,125.44138506068091,76.5869136128445,87.31768694813276,98.94432406409817,85.40048530311579,169.20172242696557,174.24875527179364
Nested Sequence 17.mp4,94.19956874005625,127.21382461663015,80.01757128402096,87.90826861958364,99.12056668742588,85.61020272518277,168.97253285709616,174.9472020639902
Nested Sequence 17.mp4,97.65225931453516,129.1544069847709,81.95968757031153,95.01999231225071,99.1814822030696,85.94170034869803,168.85923516047944,174.8444776334099
Nested Sequence 17.mp4,101.6775227568764,131.7098908994465,83.84322075387234,103.0326982207119,98.65361299950479,86.43273403265597,171.09907038172577,176.57022322193097
Nested Sequence 17.mp4,106.85043686039964,135.7480724134972,90.99735601370452,113.05251803211397,99.03557633214501,85.68567794058477,171.61219500264556,176.08346092408985
Nested Sequence 17.mp4,112.74809319961139,140.4191316581475,95.17607459831868,133.2204067721381,99.5365390454815,81.1352462268834,173.6865875619644,169.1100202012595
Nested Sequence 17.mp4,126.29122380737957,144.95111097501976,102.41305304188177,136.4257735873524,99.04058732704374,81.55197406280364,176.8539063434269,173.25694826071467
Nested Sequence 17.mp4,133.80326885522186,147.00920346501707,108.07771032589963,139.09773628713774,100.13757303013386,79.85994506639446,176.82791952527154,174.2663102357989
Nested Sequence 17.mp4,139.56522000635775,152.58004050667634,110.6200416859534,146.61221621814477,100.37888781559207,78.99221369814072,176.31790356240904,173.5716162248171
Nested Sequence 17.mp4,144.14382960028237,156.83264107879899,115.71175217452273,155.07258270627952,100.30603928798178,78.16645211305303,176.25701882341056,173.07954698321404
Nested Sequence 17.mp4,150.283182966862,158.5532012536233,122.0294325347304,154.29048409551103,99.6509465102776,78.55482870005119,176.95311225164505,174.66279509105368
Nested Sequence 17.mp4,153.67852309289214,163.05808438209806,128.8102193480148,156.4978693001288,101.0578045206666,78.84956456720907,175.28817930275568,174.92165148548278
Nested Sequence 17.mp4,150.69895408343126,167.03898266082228,141.58648333002,160.8693534113773,101.1365513854447,78.96138071297739,175.11139606116006,175.17537067130775
Nested Sequence 17.mp4,144.41413247880806,174.61764221454993,140.80134645204024,166.01961569104154,100.73088655540516,79.22220966368525,176.53688294425535,175.04121087925645
Nested Sequence 17.mp4,140.47774266774198,178.78258485671824,146.36647316671178,173.71030053964057,100.91485212575805,77.96477847092294,175.29759517414809,172.52135180901058
Nested Sequence 17.mp4,140.07267474915116,174.33635837423805,149.43452031012876,171.84587791494138,101.56217400045625,80.60988126398081,170.74994502370794,175.0366045262092
Nested Sequence 17.mp4,141.79056444359952,168.53312732379393,152.32510760314483,176.5748551775632,99.71234838955338,83.92276218144545,171.58478092294544,177.92041326904476
Nested Sequence 17.mp4,141.14908469287153,165.3808826710164,151.87935070410137,177.93137600213515,97.01359347224032,87.4606295192462,174.53506372485435,179.39786722055715
Nested Sequence 17.mp4,139.17652241696965,163.17127702673727,150.67041607576215,178.7190337318023,96.26388320157369,88.52729717790227,177.0026887220488,177.7094119345953
Nested Sequence 17.mp4,139.65553413332515,163.3691623677526,152.01750625599198,179.51618332097013,98.15770176754613,86.26945181577591,174.6110807608402,178.3840238609463
Nested Sequence 17.mp4,139.83171341286038,163.2375216898288,154.51000840626756,178.53945147728646,98.27459492637591,86.80427808509424,174.24145135027058,178.8629069994742
Nested Sequence 17.mp4,139.29944354874985,163.03221855114091,154.2831295414086,177.9966413107595,97.48792772722521,87.46349423281225,176.8430942949279,179.81380794886263
Nested Sequence 17.mp4,139.23971166909664,162.80382774457945,153.82722954313286,177.5722165436542,97.57516106108454,87.11067460417291,178.28383051829564,177.4875684135899
Nested Sequence 17.mp4,140.00984483148278,163.23226925064787,154.33734160812736,178.08648281260065,97.37587415349165,87.63063526889349,177.55945405937854,173.4741701749472
Nested Sequence 17.mp4,140.304572868601,163.35694358837796,154.3767906890764,178.1987704584157,96.98578380161028,87.77613375621299,174.41515966863386,174.44119629875956
Nested Sequence 17.mp4,140.35064540216848,163.55959337665615,154.06410367931295,178.41546304565094,97.2556693653298,87.56149947955463,175.1001253253548,178.18663896610332
Nested Sequence 17.mp4,140.27681022704078,163.86903990418847,153.8798429690954,178.54565372088663,97.49347045646145,87.8478788246498,175.33118045619926,169.6742844509054
Nested Sequence 17.mp4,139.83508177891358,164.00652096013155,153.68359825749835,178.15208492511812,98.2646743352593,87.75744291702004,177.52093825830883,168.32500471488015
Nested Sequence 17.mp4,139.72527323485946,164.1406552484876,154.7821588251235,178.12172111978484,97.46772483550897,88.22142819172971,179.11460824505622,168.68872691369296
Nested Sequence 17.mp4,138.98219729509825,164.9026535704076,153.92342460578044,179.2444756364504,97.13109373139015,88.61554344097053,179.6958449521921,169.15485612334757
Nested Sequence 17.mp4,137.6100591897608,166.60620551026315,151.94713820820328,179.75199353795685,96.69167543893178,89.51575615277281,179.23091687180764,169.51699398518215
Nested Sequence 17.mp4,138.08983155301965,170.68004914136273,148.32049513864106,174.97613312870382,95.29467627802907,89.65863943071776,179.07408448835292,179.506027897457
Nested Sequence 17.mp4,138.5642855236228,174.38171735056684,143.39099083362515,173.98001599259388,95.91660311880622,88.78528635932379,178.71682715480557,176.9375777802066
Nested Sequence 17.mp4,139.109857650396,177.57576380726036,140.9043764109624,169.2519671182253,96.53914816172053,87.27203517628178,179.2785631132406,175.2760525014933
Nested Sequence 17.mp4,135.99804218015558,179.60489472778076,133.10782061569705,166.18168619601576,97.0374086896382,86.74129973271043,179.70208153957847,171.72974234582276
Nested Sequence 17.mp4,136.88755111340276,178.0365403467154,128.5494671669958,168.26524584679777,97.0026315684816,86.65638796764729,178.6725035121386,170.05140271908664
Nested Sequence 17.mp4,138.13439172606735,174.48376327639608,127.35778418584343,163.02619342438618,101.35320508536483,83.14952066724818,176.58771889734362,176.73610391414812
Nested Sequence 17.mp4,136.31662324437156,168.31208650603176,126.67235670049001,157.68828751491824,101.58334472196015,81.60362060891627,172.17318801549348,175.57016677643566
Nested Sequence 17.mp4,134.98689548037697,151.99502770974732,125.67123242025463,148.01043211708867,96.71867778631224,83.26526904917502,178.37751770536224,178.56689855063908
Nested Sequence 17.mp4,134.63632989903704,148.10088250078704,124.5897187239733,144.837451329798,97.4550606624179,86.59475948579578,179.7340740944296,179.26022550684988
Nested Sequence 17.mp4,130.1804777780427,145.7494573955991,120.38565142122852,140.6767020871174,94.30795992486719,87.81775691553787,171.4952898239757,178.28980878756357
Nested Sequence 17.mp4,144.38540530277277,175.85347865127318,157.67972341840564,175.2800320331342,130.87372738692608,56.658990763548104,162.44898902857906,179.96044903734054
Nested Sequence 17.mp4,140.02875360696268,163.7880145681784,145.87349250014944,142.39731850557982,111.65359492451896,77.25313330414498,162.65580342095782,178.37615812398946
Nested Sequence 17.mp4,141.3264262365266,149.20042931143823,150.88910674963603,155.55567372854748,109.79452249498955,75.25951560283966,170.03107801869155,179.30635225628592
Nested Sequence 17.mp4,99.74437332242086,124.57346823601122,120.98324236742525,147.6269769112328,126.05236709806003,51.27209014876238,168.08189322508252,177.2198218445606
Nested Sequence 17.mp4,92.58611713762657,125.00989159478578,101.97272881670256,141.19434720297207,163.29753521585016,9.323755443324865,178.25224909999082,177.36025911090746
Nested Sequence 17.mp4,90.30012586140585,123.29972699095472,86.6673197807047,129.52302706334117,125.99295667756755,61.89399507170103,178.57648474662435,178.24010154382907
Nested Sequence 17.mp4,91.23228858462046,124.36858965036873,85.54160215608732,118.05171877213765,114.52844262387808,76.0103631794934,177.70010049922396,177.93885178020733
Nested Sequence 17.mp4,93.31367041132525,125.49047751917237,84.40665305167869,114.83410091641313,106.3493770868898,84.37955191176842,178.48268693613733,178.1112282352502
Nested Sequence 17.mp4,93.32251119769376,123.78769434098433,83.95983287728274,124.97368299748751,105.08655790542946,85.90616189650271,178.46644177537323,179.62630397204956
Nested Sequence 17.mp4,90.95247857924758,125.01359271368474,86.31035349501059,108.9816210309076,102.67418968523071,86.68007506417176,177.80294358020893,178.3325324837693
Nested Sequence 17.mp4,89.4649547882263,124.94192021375835,86.57106244257511,107.6057723440377,102.69791294986811,86.6655406161422,178.0158119668446,178.4250501543838
Nested Sequence 17.mp4,88.72524967330503,123.22428565021912,89.54268727885648,107.72704386275784,102.57559484368687,86.82678030721353,179.44860223392345,179.12816158517256
Nested Sequence 17.mp4,87.49226878872317,122.36907823336557,81.91193576784953,101.25960624596777,103.57349887549236,86.36807767063725,178.11940190058084,179.72281671534466
Nested Sequence 17.mp4,89.02141453182348,122.5556422832899,81.12984474313153,98.18126401035215,102.48868431689652,86.86316681918291,177.54907164535274,179.7764373106901
Nested Sequence 17.mp4,88.28415070577547,122.47680528920216,82.20389657286472,96.79427157940817,99.72193926102938,87.02717259193264,176.98511592231205,179.49129407034513
Nested Sequence 17.mp4,86.93636639042224,121.62339783540992,81.07276675817162,97.48729552370823,97.76589721872449,87.56669412643201,174.74701295110407,179.1439531987682
Nested Sequence 17.mp4,88.25275337998286,120.29057150898382,77.76031392737033,97.9212380515852,98.4194691330294,86.93408112345904,176.71125212878326,179.69762180774885
Nested Sequence 17.mp4,88.20750445209323,118.66758492693185,77.34533874857811,95.52317194332396,98.45487997094352,86.69151247166408,177.96251079327703,178.40947643504273
Nested Sequence 17.mp4,87.35747278248643,118.44254462946978,74.46530370408642,93.37701307528138,97.37997883902574,87.15085795662405,178.63318185094974,178.27854576666638
Nested Sequence 17.mp4,86.70685929841092,118.39910408372958,74.53801103550208,92.53913883875927,97.03434185780276,88.03517489480448,179.8187918450403,179.23584131526488
Nested Sequence 17.mp4,85.8274863321132,117.7576045612901,74.06635427697225,92.50595578737142,97.28712178838447,88.14133238743932,178.62802503887954,179.42557040557668
Nested Sequence 17.mp4,84.5294095161156,117.27045040264323,73.76982871508457,91.46529713144773,97.84338202407815,87.80252800657351,177.71865492147734,179.69181674630954
Nested Sequence 17.mp4,77.78617032012657,117.51672700861155,82.52329652286477,92.10469168199545,101.02358280105642,87.06010094531374,176.7023875633538,179.81833969919515
Nested Sequence 17.mp4,78.95312241105184,117.63102505864137,78.35026762883142,90.58579424088146,100.87113793581142,87.1832410008667,175.74828692599087,179.80833846455482
Nested Sequence 17.mp4,80.13721383655022,118.27982580335964,76.00742697180648,88.20607847470649,99.94375939107704,87.24308772901078,175.3529248495619,178.40429167249664
